date,time,sender,message,Rule_Based_Sentiment,ML_Based_Sentiment
20/11/24,14:42,rohxn 03,We need 3 things for fridays submission ,Neutral,Neutral
21/11/24,10:19,Wifey❤️,<Media omitted>,Neutral,Neutral
21/11/24,10:47,Wifey❤️,https://www.slideshare.net/slideshow/attendance-management-system-using-face-recognition/249852705,Neutral,Neutral
21/11/24,10:47,Wifey❤️,https://www.slideshare.net/slideshow/face-recognition-attendance-system-85321885/85321885,Neutral,Neutral
22/11/24,10:03,Wifey❤️,<Media omitted>,Neutral,Neutral
22/11/24,10:03,rohxn 03,Nishita and ammu.... Pls do check this ppt and tell me if there is any error ok....,Negative,Positive
22/11/24,10:10,Wifey❤️,<Media omitted>,Neutral,Neutral
22/11/24,10:10,rohxn 03,So ppl overall everything is done😏,Neutral,Neutral
22/11/24,10:11,rohxn 03,Just submit,Neutral,Neutral
22/11/24,10:21,Gass,<Media omitted>,Neutral,Neutral
22/11/24,10:22,Gass,In final project submission right?,Neutral,Neutral
27/01/25,19:49,rohxn 03,Seriously what the hell she is even reading,Negative,Negative
27/01/25,19:49,rohxn 03,Priya pal😭,Negative,Negative
27/01/25,19:49,Wifey❤️,ayyoo,Neutral,Neutral
27/01/25,19:49,Gass,Wt happened da myre,Neutral,Neutral
27/01/25,19:50,rohxn 03,Nothing daa.... The online class we r listening,Neutral,Neutral
27/01/25,19:50,Wifey❤️,she is from north ig,Neutral,Neutral
27/01/25,19:50,Gass,Which online class,Neutral,Neutral
27/01/25,19:50,Wifey❤️,soo she cant read it properly,Neutral,Neutral
27/01/25,19:50,rohxn 03,Yeah...... Sport vector antha,Positive,Positive
27/01/25,19:50,Wifey❤️,we paid ryt 3600 that one,Neutral,Neutral
27/01/25,19:50,Gass,Oh okkk,Neutral,Neutral
27/01/25,19:50,Gass,Enjoy,Positive,Neutral
27/01/25,19:51,Gass,<Media omitted>,Neutral,Neutral
27/01/25,19:51,Wifey❤️,and this one classification allaaa kilasification,Neutral,Neutral
27/01/25,19:51,rohxn 03,😭😭,Negative,Neutral
27/01/25,19:51,rohxn 03,I didn't understand a thing,Neutral,Neutral
27/01/25,19:51,Wifey❤️,karmaa,Neutral,Neutral
27/01/25,19:51,Gass,<Media omitted>,Neutral,Neutral
27/01/25,20:04,Wifey❤️,nishitaa,Neutral,Neutral
27/01/25,20:04,Wifey❤️,y u didn't respond ahh,Neutral,Neutral
27/01/25,20:04,Wifey❤️,🤭,Positive,Neutral
27/01/25,20:04,rohxn 03,She is in some other duniya😭,Negative,Neutral
27/01/25,20:06,Nishita 🪰,U read ??,Neutral,Neutral
27/01/25,20:06,Wifey❤️,achu read I didn't read😆,Negative,Neutral
27/01/25,20:08,Nishita 🪰,I am not able to understand,Neutral,Neutral
27/01/25,20:08,Nishita 🪰,Y his making everyone read,Neutral,Neutral
27/01/25,20:08,Gass,<Media omitted>,Neutral,Neutral
27/01/25,20:09,Wifey❤️,who knows ayyo,Neutral,Neutral
27/01/25,20:09,Gass,<Media omitted>,Neutral,Neutral
27/01/25,20:12,rohxn 03,Hey i just went to peee......,Neutral,Neutral
27/01/25,20:12,rohxn 03,What happened😭😭,Negative,Neutral
27/01/25,20:12,rohxn 03,Yaaavoooo........ 👉🏻👈🏻,Neutral,Neutral
27/01/25,20:12,Gass,<Media omitted>,Neutral,Neutral
27/01/25,20:12,Wifey❤️,correct,Neutral,Neutral
27/01/25,20:12,rohxn 03,😏,Neutral,Neutral
27/01/25,20:13,Nishita 🪰,He is talking in terms of bioinformatics,Neutral,Neutral
27/01/25,20:13,Gass,Myre try this,Neutral,Neutral
27/01/25,20:13,Gass,Guna no cheating,Positive,Positive
27/01/25,20:14,rohxn 03,<Media omitted>,Neutral,Neutral
27/01/25,20:14,Wifey❤️,ahh illa illa he will read,Neutral,Neutral
27/01/25,20:14,Gass,Try try,Neutral,Neutral
27/01/25,20:14,rohxn 03,This shit is soo fancy.... Cant read a letter😭,Negative,Negative
27/01/25,20:14,Gass,If its wrong also no problem,Negative,Negative
27/01/25,20:15,Gass,Just a try wtever you can,Neutral,Neutral
27/01/25,20:15,rohxn 03,Try giving normal txt can u,Positive,Positive
27/01/25,20:15,Gass,Ok wait,Positive,Positive
27/01/25,20:15,rohxn 03,To try..... First i have to understand what the shit they wrote rigjt😭,Positive,Neutral
27/01/25,20:15,Gass,<Media omitted>,Neutral,Neutral
27/01/25,20:15,Gass,This,Neutral,Neutral
27/01/25,20:16,rohxn 03,Same font ryt,Neutral,Neutral
27/01/25,20:16,Gass,ಒಂದು ಬೇವರ್ಸಿ ಕುಡುಕ,Neutral,Neutral
27/01/25,20:16,Gass,It's the same,Neutral,Neutral
27/01/25,20:16,rohxn 03,Ok ok,Positive,Positive
27/01/25,20:16,Gass,Try it now,Neutral,Neutral
27/01/25,20:18,rohxn 03,Endu bevarsi kuduka?,Neutral,Positive
27/01/25,20:19,Wifey❤️,1st word is wrong,Negative,Negative
27/01/25,20:19,Wifey❤️,endu allaa,Neutral,Neutral
27/01/25,20:19,rohxn 03,First letter is aa ee u u that shit ryt,Negative,Negative
27/01/25,20:19,Wifey❤️,no,Negative,Positive
27/01/25,20:19,rohxn 03,I dont know swarakshara that much,Neutral,Positive
27/01/25,20:19,rohxn 03,Bha??,Neutral,Neutral
27/01/25,20:19,Wifey❤️,it is ondu,Neutral,Neutral
27/01/25,20:19,Gass,First letter is o,Neutral,Neutral
27/01/25,20:20,Wifey❤️,ondu means one,Neutral,Neutral
27/01/25,20:20,rohxn 03,🤨🤨🤨thats what i told ryt aa ee uu antha🤨,Neutral,Neutral
27/01/25,20:20,rohxn 03,Ooooooo ok ok,Positive,Positive
27/01/25,20:20,Wifey❤️,okok learn slowly no rush,Negative,Negative
27/01/25,20:20,rohxn 03,Kuduka means?,Neutral,Positive
27/01/25,20:20,Gass,Yeah It means ur one bevarsi kuduka 🍻,Positive,Positive
27/01/25,20:21,Wifey❤️,he will drink alottttttttttttttttt,Neutral,Neutral
27/01/25,20:21,rohxn 03,<Media omitted>,Neutral,Neutral
27/01/25,20:21,rohxn 03,Ooooo ok ok,Positive,Positive
27/01/25,20:22,Gass,<Media omitted>,Neutral,Neutral
27/01/25,20:22,rohxn 03,Write like this,Positive,Positive
27/01/25,20:23,Gass,ಫಸ್ಟ್ ಸ್ಟೇಜ್,Neutral,Neutral
27/01/25,20:23,Gass,It's actually english in Kannada letters😂,Positive,Positive
27/01/25,20:23,rohxn 03,Ok ok,Positive,Positive
27/01/25,20:23,rohxn 03,Lemme guess,Neutral,Neutral
27/01/25,20:24,Wifey❤️,u 2 ppl separate agi txt madi because amma idare soo i cant delete each message,Neutral,Neutral
27/01/25,20:24,rohxn 03,First stage?,Neutral,Neutral
27/01/25,20:24,rohxn 03,Ok ok😆,Positive,Positive
27/01/25,20:24,Gass,Yeah,Positive,Positive
27/01/25,20:24,rohxn 03,<Media omitted>,Neutral,Neutral
27/01/25,20:24,Wifey❤️,correct,Neutral,Neutral
27/01/25,20:24,Wifey❤️,oh gof,Neutral,Neutral
27/01/25,20:24,Gass,<Media omitted>,Neutral,Neutral
27/01/25,20:24,Wifey❤️,okay okay txt separately ppl'sssssssss,Positive,Positive
27/01/25,20:24,rohxn 03,<Media omitted>,Neutral,Neutral
27/01/25,20:24,rohxn 03,Ok,Positive,Positive
27/01/25,20:25,Gass,Enough lesson for today,Neutral,Neutral
27/01/25,20:25,Gass,Let's continue tomorrow,Neutral,Neutral
27/01/25,20:25,Gass,<Media omitted>,Neutral,Neutral
15/02/25,18:42,rohxn 03,<Media omitted>,Neutral,Neutral
17/02/25,18:25,rohxn 03,*AICTE AND MSME Internship Opportunity @ IIT & IIM  IBM TOP MNCs is Now Open* 🌟🎓,Positive,Positive
27/02/25,11:45,Wifey❤️,<Media omitted>,Neutral,Neutral
27/02/25,11:46,Wifey❤️,This is tomorrows ppt,Neutral,Neutral
27/02/25,11:46,Wifey❤️,Nishita and Ammu pls do make this change:,Positive,Neutral
27/02/25,11:48,Wifey❤️,2. Complete problem statement slide,Negative,Negative
27/02/25,11:48,Wifey❤️,"3. ive done 3 literature work, in that the 2nd literature survey, pls add any image regarding that paper",Positive,Neutral
27/02/25,11:50,Wifey❤️,And last task:,Neutral,Neutral
27/02/25,21:31,rohxn 03,@919663957450  and @918799146002 ...... Pls do the above task,Positive,Positive
27/02/25,22:02,rohxn 03,Ppl atleast respond🤦🏻‍♂️,Neutral,Neutral
27/02/25,22:20,Nishita 🪰,https://ieeexplore.ieee.org/abstract/document/9074302,Neutral,Negative
27/02/25,22:21,Wifey❤️,https://www.sciencedirect.com/science/article/pii/S1319157818303379,Neutral,Neutral
27/02/25,22:22,Wifey❤️,https://www.sciencedirect.com/science/article/abs/pii/S0169260722000062?via%3Dihub,Neutral,Neutral
27/02/25,22:34,Wifey❤️,<Media omitted>,Neutral,Neutral
27/02/25,22:34,Wifey❤️,"Nishitaa this is application slide, include this ppt, after literature survey",Neutral,Neutral
27/02/25,22:36,Wifey❤️,Objective and Motivation,Positive,Positive
27/02/25,22:37,Wifey❤️,"dont put the title as ""Objective and Motivation",Positive,Positive
27/02/25,23:33,Nishita 🪰,<Media omitted>,Neutral,Neutral
27/02/25,23:36,Nishita 🪰,"Rohan should explain the slides : Introduction, Problem Statement and Applications",Negative,Negative
27/02/25,23:36,Nishita 🪰,React to this msg with 👍 <This message was edited>,Neutral,Neutral
28/02/25,00:01,rohxn 03,"Rohan should explain the slides : Introduction, Problem Statement",Negative,Negative
28/02/25,00:02,rohxn 03,React with booty emoji!!🤌🏻,Neutral,Neutral
28/02/25,00:08,Gass,Fire in the booty😁🔥,Negative,Neutral
28/02/25,09:27,Wifey❤️,<Media omitted>,Neutral,Neutral
28/02/25,10:44,Nishita 🪰,<Media omitted>,Neutral,Neutral
28/02/25,10:44,Nishita 🪰,<Media omitted>,Neutral,Neutral
28/02/25,10:44,Nishita 🪰,<Media omitted>,Neutral,Neutral
28/02/25,10:44,Nishita 🪰,<Media omitted>,Neutral,Neutral
28/02/25,10:44,Nishita 🪰,<Media omitted>,Neutral,Neutral
28/02/25,10:44,Nishita 🪰,<Media omitted>,Neutral,Neutral
04/03/25,19:40,rohxn 03,People tomorrow we r presenting our ppt,Neutral,Neutral
04/03/25,19:40,Wifey❤️,oky,Neutral,Neutral
04/03/25,19:42,Gass,I will be there myre,Neutral,Neutral
04/03/25,19:42,Gass,When I have came out in between in that guys class 😒,Neutral,Neutral
04/03/25,19:42,Gass,I only play in Manish classes 😂,Positive,Positive
04/03/25,19:43,rohxn 03,@918799146002 try running the other code exp 2,Neutral,Neutral
04/03/25,19:43,rohxn 03,😭😭,Negative,Neutral
04/03/25,19:44,Gass,<Media omitted>,Neutral,Neutral
04/03/25,19:47,Nishita 🪰,Should I use jupyter nb or colab ??,Neutral,Neutral
04/03/25,20:01,rohxn 03,JN is fyn,Neutral,Neutral
04/03/25,23:36,Nishita 🪰,Rohan,Neutral,Neutral
04/03/25,23:36,rohxn 03,Yeah,Positive,Positive
04/03/25,23:36,Nishita 🪰,I have ran all codes of exp2,Neutral,Neutral
04/03/25,23:36,rohxn 03,Howzit,Neutral,Neutral
04/03/25,23:37,Nishita 🪰,We are getting 98 and 93 accuracy,Neutral,Positive
04/03/25,23:37,rohxn 03,<Media omitted>,Neutral,Neutral
04/03/25,23:37,Nishita 🪰,Like it is train and validation accuracy,Positive,Positive
04/03/25,23:37,rohxn 03,Ok fine.... Which model it is,Positive,Positive
04/03/25,23:37,rohxn 03,Which algo. Is used,Neutral,Neutral
04/03/25,23:37,rohxn 03,Cnn?,Neutral,Neutral
04/03/25,23:38,Nishita 🪰,Yaa,Neutral,Neutral
04/03/25,23:38,Nishita 🪰,And one code is matching ml algo code,Neutral,Neutral
04/03/25,23:38,rohxn 03,Can we plot a confusion matrix out of it??,Negative,Neutral
04/03/25,23:38,Nishita 🪰,Yes I think so,Positive,Positive
04/03/25,23:38,rohxn 03,Didnt understood,Neutral,Neutral
04/03/25,23:39,Nishita 🪰,<Media omitted>,Neutral,Neutral
04/03/25,23:39,Nishita 🪰,This one...,Neutral,Neutral
04/03/25,23:39,rohxn 03,Not today sleep now,Neutral,Neutral
04/03/25,23:39,Nishita 🪰,Okk,Neutral,Neutral
04/03/25,23:39,rohxn 03,Done!!,Neutral,Neutral
04/03/25,23:39,rohxn 03,We will use exp 2 code then,Neutral,Neutral
04/03/25,23:39,Nishita 🪰,For preliminary result we can use this,Neutral,Neutral
04/03/25,23:39,rohxn 03,Yep,Positive,Neutral
04/03/25,23:40,Nishita 🪰,Ok sir 👍,Positive,Positive
04/03/25,23:40,Nishita 🪰,You can cp2 timetable ??,Neutral,Neutral
04/03/25,23:40,rohxn 03,Yes i can,Positive,Positive
04/03/25,23:40,rohxn 03,What i can😭,Negative,Neutral
04/03/25,23:40,Nishita 🪰,This message was deleted,Neutral,Neutral
04/03/25,23:40,rohxn 03,🤨🤨🤨,Neutral,Neutral
04/03/25,23:40,rohxn 03,Whaaat,Neutral,Neutral
04/03/25,23:41,rohxn 03,What me too,Neutral,Neutral
04/03/25,23:41,rohxn 03,I didn't understood,Neutral,Neutral
04/03/25,23:41,rohxn 03,Ur drunk🤨🤨,Negative,Positive
04/03/25,23:41,Nishita 🪰,Meaning two exams a day,Neutral,Neutral
04/03/25,23:41,rohxn 03,Haa yass yasss,Neutral,Neutral
04/03/25,23:41,Wifey❤️,Is that u saw the cp2 timetable??,Neutral,Neutral
04/03/25,23:41,rohxn 03,😆,Positive,Neutral
04/03/25,23:41,Nishita 🪰,Yes I forgot to put that word,Positive,Positive
04/03/25,23:42,rohxn 03,Nale inda shuru maadbekku🤌🏻,Neutral,Neutral
04/03/25,23:42,rohxn 03,Ass bite,Negative,Negative
04/03/25,23:42,Gass,<Media omitted>,Neutral,Neutral
04/03/25,23:42,rohxn 03,Ok then lemme have a seggzeee sleeep,Positive,Positive
04/03/25,23:42,rohxn 03,Daaattaaaaaaaa,Neutral,Neutral
04/03/25,23:42,rohxn 03,Gunnite,Neutral,Neutral
04/03/25,23:43,Gass,<Media omitted>,Neutral,Neutral
04/03/25,23:43,Nishita 🪰,💤👋,Positive,Neutral
04/03/25,23:43,Wifey❤️,Byebye good night🌙,Positive,Positive
05/03/25,09:35,rohxn 03,"Ppl, be there in class at 10 15",Neutral,Neutral
05/03/25,10:56,Nishita 🪰,<Media omitted>,Neutral,Neutral
05/03/25,12:05,Nishita 🪰,<Media omitted>,Neutral,Neutral
05/03/25,14:22,Nishita 🪰,<Media omitted>,Neutral,Neutral
05/03/25,14:22,Nishita 🪰,<Media omitted>,Neutral,Neutral
05/03/25,14:36,Gass,Myre when are we presenting,Neutral,Neutral
05/03/25,14:36,Gass,What time should I be there?,Neutral,Neutral
05/03/25,14:39,Wifey❤️,Come now,Neutral,Neutral
05/03/25,14:39,Wifey❤️,We will  Leave in 10 mins,Negative,Neutral
05/03/25,14:39,Gass,Okay,Positive,Positive
05/03/25,14:44,Wifey❤️,<Media omitted>,Neutral,Neutral
05/03/25,15:05,rohxn 03,"We got 3 literature surveys from google scholars, which are published after 2020",Neutral,Neutral
05/03/25,15:05,rohxn 03,They also  used  ferc 2013 dataset,Neutral,Neutral
05/03/25,15:41,Nishita 🪰,Vision Transformers (ViTs) – ViT models trained on emotion datasets can achieve state-of-the-art results.,Positive,Positive
13/03/25,17:07,rohxn 03,<Media omitted>,Neutral,Neutral
13/03/25,17:07,rohxn 03,Read this and tell is it worth,Positive,Neutral
13/03/25,17:07,rohxn 03,What are ur opinions,Neutral,Neutral
13/03/25,17:28,Nishita 🪰,We have to attend this cie is there for this,Neutral,Neutral
13/03/25,17:29,Wifey❤️,cie??,Neutral,Neutral
13/03/25,17:29,rohxn 03,This workshop is a must??,Neutral,Neutral
13/03/25,17:30,Nishita 🪰,It is 2 credits,Positive,Neutral
13/03/25,17:30,Nishita 🪰,They mentioned,Neutral,Neutral
13/03/25,17:30,rohxn 03,Yeah i know,Positive,Positive
13/03/25,17:30,rohxn 03,But this is not must ryt,Neutral,Neutral
13/03/25,17:30,rohxn 03,Whoever attends should not miss a single day,Positive,Positive
13/03/25,17:30,rohxn 03,Thats what i guess they mentioned,Neutral,Neutral
13/03/25,17:31,Nishita 🪰,Idk they mentioned in the time table this subject,Negative,Neutral
13/03/25,17:32,Nishita 🪰,It's better u ask Sailaja Ma'am once,Positive,Positive
13/03/25,17:32,Nishita 🪰,Message her so that we get a clarity,Positive,Neutral
13/03/25,17:43,rohxn 03,<Media omitted>,Neutral,Neutral
13/03/25,17:43,rohxn 03,Ok,Positive,Positive
13/03/25,17:44,Wifey❤️,im scared ayyoooooooooooooo,Negative,Neutral
13/03/25,17:45,Nishita 🪰,Me toooo,Neutral,Neutral
13/03/25,17:45,Nishita 🪰,This message was deleted,Neutral,Neutral
13/03/25,17:46,Nishita 🪰,Are you texting her ??,Neutral,Neutral
13/03/25,17:49,rohxn 03,😁,Positive,Neutral
13/03/25,17:49,rohxn 03,No this guy,Negative,Negative
13/03/25,17:49,rohxn 03,Edufyi,Neutral,Neutral
13/03/25,17:49,Wifey❤️,daaa,Neutral,Neutral
13/03/25,17:50,rohxn 03,If your performance and score is 78+ you will get,Neutral,Neutral
13/03/25,17:50,Wifey❤️,pick the call,Neutral,Neutral
13/03/25,17:50,rohxn 03,Haaa,Neutral,Neutral
13/03/25,17:50,rohxn 03,One more time,Neutral,Neutral
13/03/25,17:50,Nishita 🪰,What will you get ??,Neutral,Neutral
13/03/25,17:50,rohxn 03,Stipend,Neutral,Neutral
13/03/25,20:51,Nishita 🪰,Rohan,Neutral,Neutral
13/03/25,21:14,rohxn 03,Regarding what?,Neutral,Neutral
13/03/25,21:15,Nishita 🪰,Edufyi,Neutral,Neutral
13/03/25,21:15,rohxn 03,Nope,Neutral,Neutral
13/03/25,21:16,Nishita 🪰,Will they send mail or WhatsApp ??,Neutral,Neutral
13/03/25,21:27,rohxn 03,Absolute no idea!,Negative,Negative
14/03/25,08:44,rohxn 03,<Media omitted>,Neutral,Neutral
14/03/25,08:45,Wifey❤️,😳,Neutral,Neutral
14/03/25,08:45,Wifey❤️,When it is changed,Neutral,Neutral
14/03/25,08:45,Gass,Oh oh jolly jolly 🥳🌝,Positive,Positive
14/03/25,08:45,Gass,<Media omitted>,Neutral,Neutral
14/03/25,08:45,rohxn 03,Who knows,Neutral,Neutral
14/03/25,08:45,Wifey❤️,Great enjoy enjoy,Positive,Positive
14/03/25,08:46,Gass,Do U know the reason 🤣🤣🤣,Positive,Neutral
14/03/25,08:46,rohxn 03,Major told came here once and saw the food and made some changes,Neutral,Neutral
14/03/25,08:46,rohxn 03,Thats all i know,Neutral,Neutral
14/03/25,08:46,Gass,No no you are completely wrong 😂😂,Positive,Positive
14/03/25,08:47,rohxn 03,Then??,Neutral,Neutral
14/03/25,08:47,Gass,When I was there in hostel fee was 1.13 lac,Neutral,Neutral
14/03/25,08:48,Gass,Simple money speaks everywhere 💀🌝,Neutral,Negative
14/03/25,08:49,rohxn 03,Oooooooooo,Neutral,Neutral
14/03/25,08:49,rohxn 03,Yes yes 22 k increased u know,Positive,Positive
14/03/25,08:50,rohxn 03,1.55 lakh,Neutral,Neutral
14/03/25,08:51,Gass,No for new students its 1.80 lacs,Negative,Negative
14/03/25,08:52,rohxn 03,Its not same for everyone??,Neutral,Neutral
14/03/25,08:52,Gass,One of my friend told me,Positive,Neutral
14/03/25,08:52,Gass,Obviously no😂😂,Positive,Positive
14/03/25,08:53,Gass,Round of 70k hike,Neutral,Neutral
14/03/25,08:54,rohxn 03,😳ooooo,Neutral,Neutral
14/03/25,08:55,Gass,"Roughly 70,000 X 1000 students = 7,00,00,000 extra every year",Neutral,Neutral
14/03/25,08:55,Gass,What do you even need more than this 😂😂😂,Positive,Neutral
14/03/25,08:55,Gass,Obviously yes😂😂😂😋,Positive,Positive
14/03/25,08:56,Gass,"1.8 lacs X 1000= 18,00,00,000🌝",Neutral,Neutral
14/03/25,08:57,Gass,And its rough there are more than 1000 students,Neutral,Neutral
14/03/25,08:57,Gass,They are saving more than 50% in this,Neutral,Neutral
14/03/25,08:57,Gass,And its called business 😎,Positive,Neutral
14/03/25,09:19,rohxn 03,True🤌🏻,Neutral,Neutral
14/03/25,09:20,rohxn 03,@918799146002 Text him,Neutral,Neutral
14/03/25,10:06,rohxn 03,Edufyi Tech Solutions.vcf (file attached),Neutral,Neutral
15/03/25,16:42,Wifey❤️,https://drive.google.com/drive/folders/126Q4qsWuXYU3rdCqp5ePu570A_F4HHsB?usp=sharing,Neutral,Neutral
15/03/25,18:55,rohxn 03,Nishitaaa one help,Positive,Neutral
15/03/25,18:55,rohxn 03,Exp 2,Neutral,Neutral
15/03/25,20:13,Nishita 🪰,Yes,Positive,Positive
15/03/25,20:14,Wifey❤️,Can u send the code and data set,Neutral,Neutral
15/03/25,20:14,Wifey❤️,code means ipynb file,Neutral,Neutral
15/03/25,20:14,Nishita 🪰,I already sent that in the zip file,Neutral,Neutral
15/03/25,20:16,Wifey❤️,is this??,Neutral,Neutral
15/03/25,20:17,Nishita 🪰,Yess,Neutral,Neutral
15/03/25,20:17,Nishita 🪰,This message was deleted,Neutral,Neutral
15/03/25,20:17,Nishita 🪰,This message was deleted,Neutral,Neutral
15/03/25,21:35,Wifey❤️,<Media omitted>,Neutral,Neutral
15/03/25,21:35,Wifey❤️,Updated exam timetable,Neutral,Neutral
15/03/25,21:53,rohxn 03,What is this minors 7 and 8,Neutral,Neutral
15/03/25,21:53,rohxn 03,Only one shit is there ryt,Negative,Neutral
15/03/25,21:56,rohxn 03,You deleted this message,Neutral,Neutral
15/03/25,21:56,rohxn 03,You deleted this message,Neutral,Neutral
15/03/25,21:58,rohxn 03,<Media omitted>,Neutral,Neutral
15/03/25,22:10,Wifey❤️,ahh only one but they will divide ryt some teams in day 1 other teams on other day,Neutral,Neutral
15/03/25,22:11,rohxn 03,Oooh ok,Positive,Positive
15/03/25,22:14,Nishita 🪰,@916238330557 can you ask Sailaja Ma'am if there will be classes during cie 2,Neutral,Positive
15/03/25,22:28,rohxn 03,I already asked a question ,Neutral,Neutral
15/03/25,22:31,Nishita 🪰,Tmr may be she will,Neutral,Neutral
15/03/25,22:38,rohxn 03,Yeah,Positive,Positive
16/03/25,09:33,rohxn 03,People..... Have u done with the form???,Neutral,Neutral
16/03/25,10:20,Wifey❤️,Not yet,Neutral,Neutral
16/03/25,10:35,rohxn 03,Try to complete soon..... Today is the dead line,Negative,Negative
16/03/25,19:19,Wifey❤️,This message was deleted,Neutral,Neutral
16/03/25,19:20,Wifey❤️,This message was deleted,Neutral,Neutral
16/03/25,19:20,rohxn 03,C block it is,Negative,Neutral
16/03/25,19:20,Gass,<Media omitted>,Neutral,Neutral
16/03/25,19:20,Wifey❤️,yes c block,Negative,Positive
16/03/25,19:21,Wifey❤️,nishita rohan Rohith  u ppl are in same room 403,Neutral,Neutral
16/03/25,19:21,rohxn 03,Shit.... So its a serious one,Negative,Negative
16/03/25,19:21,Wifey❤️,im in another room 402,Neutral,Neutral
16/03/25,19:21,Wifey❤️,daa,Neutral,Neutral
16/03/25,19:21,rohxn 03,Exam im talking about,Neutral,Neutral
16/03/25,19:21,Wifey❤️,haaa yes yes,Positive,Positive
16/03/25,19:23,Nishita 🪰,No I checked i am in different class,Negative,Positive
16/03/25,19:24,Nishita 🪰,Tmr is pe4 not pe3,Neutral,Neutral
16/03/25,19:24,Nishita 🪰,Check properly,Neutral,Neutral
16/03/25,19:24,rohxn 03,Which is this timetable,Neutral,Neutral
16/03/25,19:24,Nishita 🪰,Most probably pe3,Neutral,Neutral
16/03/25,19:24,Nishita 🪰,I think,Neutral,Neutral
16/03/25,19:25,Nishita 🪰,I mail they sent all the seating arrangements of every exam,Neutral,Neutral
16/03/25,19:25,rohxn 03,@919663957450 Edaaaa..... Chanagi nodu😆,Positive,Positive
16/03/25,19:25,Nishita 🪰,That's what 🤣,Positive,Neutral
16/03/25,19:25,Nishita 🪰,Idk in which world she is,Negative,Neutral
16/03/25,19:25,rohxn 03,If u can just sent the seating arrangement,Neutral,Neutral
16/03/25,19:26,Nishita 🪰,Logic u use how we 3 be in the same class having different electives,Neutral,Neutral
16/03/25,19:26,Nishita 🪰,Wait...........,Neutral,Neutral
16/03/25,19:26,Nishita 🪰,<Media omitted>,Neutral,Neutral
16/03/25,19:29,Wifey❤️,sorry,Negative,Negative
16/03/25,19:29,Wifey❤️,I didn't saw properly Im sorry,Negative,Negative
16/03/25,19:29,Wifey❤️,that was for pe3,Neutral,Neutral
16/03/25,19:57,rohxn 03,@919663957450 Dont forget to select cloud computing and data science as ur domain,Positive,Positive
17/03/25,19:11,rohxn 03,@919663957450 Have u filled the elective form?,Neutral,Neutral
17/03/25,19:29,Wifey❤️,yes,Positive,Positive
18/03/25,20:27,Wifey❤️,heyyy,Neutral,Neutral
18/03/25,20:27,Wifey❤️,<Media omitted>,Neutral,Neutral
18/03/25,20:27,Wifey❤️,this guy teaches toc,Neutral,Neutral
18/03/25,20:28,Wifey❤️,nishita and achu u remember,Neutral,Neutral
18/03/25,21:12,Nishita 🪰,Haan,Neutral,Neutral
18/03/25,21:13,Wifey❤️,see he is teaching toc,Neutral,Neutral
18/03/25,21:13,Wifey❤️,I cant belive,Neutral,Neutral
18/03/25,21:13,Nishita 🪰,Ade,Neutral,Neutral
18/03/25,21:13,Nishita 🪰,Thank God he is not the faculty,Positive,Positive
18/03/25,21:14,Wifey❤️,ufff,Neutral,Neutral
18/03/25,21:14,Wifey❤️,he has youtube channel and alll,Neutral,Neutral
18/03/25,21:14,Wifey❤️,and workin in college,Neutral,Neutral
18/03/25,21:14,Nishita 🪰,OMG 😳,Neutral,Neutral
18/03/25,21:16,Wifey❤️,🤦🏻‍♀️ayyo,Neutral,Neutral
18/03/25,21:21,Wifey❤️,hey,Neutral,Neutral
18/03/25,21:21,Wifey❤️,all fill the form,Neutral,Neutral
18/03/25,21:21,Wifey❤️,10th and 12th percentage,Neutral,Neutral
18/03/25,21:21,Wifey❤️,he mailed again,Neutral,Neutral
18/03/25,21:22,Nishita 🪰,We don't have any other work right,Neutral,Neutral
18/03/25,21:23,Nishita 🪰,🤦‍♀️,Neutral,Neutral
18/03/25,21:23,Wifey❤️,That's what,Neutral,Neutral
18/03/25,21:26,Nishita 🪰,Where is he ?? He is not online I think,Neutral,Neutral
18/03/25,21:27,Wifey❤️,YES,Positive,Positive
18/03/25,22:20,rohxn 03,😳😳,Neutral,Neutral
18/03/25,22:20,rohxn 03,This guy has a yt channel??,Neutral,Neutral
18/03/25,22:20,Wifey❤️,Yes,Positive,Positive
18/03/25,22:21,rohxn 03,With 6 lakh subscribersaaa😳,Neutral,Neutral
18/03/25,22:21,Wifey❤️,He came to invigilate for us today,Neutral,Neutral
18/03/25,22:21,Wifey❤️,Ufff,Neutral,Neutral
18/03/25,22:21,Wifey❤️,And working in rv college,Neutral,Neutral
18/03/25,22:21,rohxn 03,Ur bestie.... I know😁,Positive,Positive
18/03/25,22:21,rohxn 03,Atge🤌🏻,Neutral,Neutral
18/03/25,22:21,Wifey❤️,Chee,Neutral,Neutral
18/03/25,22:22,Wifey❤️,Ufff money rain ide avanhatra,Neutral,Neutral
18/03/25,22:22,rohxn 03,😆truee,Positive,Neutral
19/03/25,15:55,Nishita 🪰,<Media omitted>,Neutral,Neutral
19/03/25,16:39,rohxn 03,Athul doesnt know any other than annapurna😊,Positive,Positive
19/03/25,16:40,Wifey❤️,Howda bere??,Neutral,Neutral
19/03/25,18:31,rohxn 03,What did shailaja maam told,Neutral,Neutral
19/03/25,18:32,Nishita 🪰,You woke up,Neutral,Neutral
19/03/25,18:32,rohxn 03,Haaa,Neutral,Neutral
19/03/25,18:32,rohxn 03,Now,Neutral,Neutral
19/03/25,18:32,Nishita 🪰,How many times we should call you,Neutral,Neutral
19/03/25,18:32,Nishita 🪰,Wait I will call you,Neutral,Neutral
19/03/25,18:32,rohxn 03,Nope,Neutral,Neutral
19/03/25,18:32,rohxn 03,Not now,Neutral,Neutral
19/03/25,18:32,rohxn 03,Ill call later,Negative,Neutral
19/03/25,18:33,Nishita 🪰,It is imp,Neutral,Neutral
19/03/25,18:33,Nishita 🪰,If you want to know about Guna bcoz she cant call now or msg you,Positive,Neutral
19/03/25,18:34,Nishita 🪰,Neither me,Neutral,Positive
19/03/25,18:34,rohxn 03,Know about her??,Neutral,Neutral
19/03/25,18:34,rohxn 03,Where u ppl are,Neutral,Neutral
19/03/25,18:34,rohxn 03,Lemme reach my room,Neutral,Neutral
19/03/25,18:34,Nishita 🪰,We left clg at 5:45,Neutral,Neutral
19/03/25,18:34,Nishita 🪰,Where are you ??,Neutral,Neutral
19/03/25,18:36,rohxn 03,Going to my room,Neutral,Neutral
19/03/25,18:54,Nishita 🪰,https://chat.whatsapp.com/IaTxOUcfWFBLIFQ53FHgxv,Neutral,Neutral
19/03/25,21:59,rohxn 03,Tell tell,Neutral,Neutral
19/03/25,22:00,Nishita 🪰,Haan,Neutral,Neutral
19/03/25,22:00,Nishita 🪰,Tmr are you guys coming ??,Neutral,Neutral
19/03/25,22:02,rohxn 03,<Media omitted>,Neutral,Neutral
19/03/25,22:05,Nishita 🪰,That's ok,Positive,Positive
19/03/25,22:06,Nishita 🪰,But tmr are you coming as we have placement training and they sent some mail with qr code,Neutral,Neutral
19/03/25,22:06,Nishita 🪰,Then maybe it's imp,Neutral,Neutral
19/03/25,22:07,Nishita 🪰,And one more thing we have to register for the workshop,Neutral,Neutral
19/03/25,22:07,Nishita 🪰,Form we need to fill,Neutral,Neutral
19/03/25,22:09,Wifey❤️,can u send the register form or link whatever,Neutral,Neutral
19/03/25,22:10,Nishita 🪰,Link is not there we have to directly click and it opens,Neutral,Neutral
19/03/25,22:27,rohxn 03,Our programme will be over by 1 or 1 30,Neutral,Neutral
19/03/25,22:27,rohxn 03,No worries,Positive,Positive
19/03/25,22:27,rohxn 03,Tomorrow we can do that ryt?,Neutral,Neutral
19/03/25,22:27,Nishita 🪰,Ok,Positive,Positive
19/03/25,22:27,Nishita 🪰,Yes,Positive,Positive
19/03/25,22:40,Wifey❤️,IM GOING TO REGISTER OK,Positive,Positive
19/03/25,22:40,Wifey❤️,MINE AND ACHU URS,Neutral,Neutral
19/03/25,22:40,Wifey❤️,NISHITA DID U REGISTER,Neutral,Neutral
19/03/25,22:40,rohxn 03,Why ur shouting🤨,Neutral,Neutral
19/03/25,22:40,Wifey❤️,eeeee,Neutral,Neutral
19/03/25,22:40,Wifey❤️,u r not in insta wt r u f=doing here,Neutral,Neutral
19/03/25,22:40,Nishita 🪰,No,Negative,Positive
19/03/25,22:40,Wifey❤️,y,Neutral,Neutral
19/03/25,22:40,Wifey❤️,when we will submot,Neutral,Neutral
19/03/25,22:41,Nishita 🪰,He said we will do tmr,Neutral,Neutral
19/03/25,22:41,Nishita 🪰,So,Neutral,Neutral
19/03/25,22:41,Wifey❤️,someone should remind,Neutral,Neutral
19/03/25,22:41,Wifey❤️,w=if we forget we don't know,Negative,Positive
19/03/25,22:41,Wifey❤️,and keep remainder in phones,Neutral,Neutral
19/03/25,22:42,Wifey❤️,eeeee,Neutral,Neutral
19/03/25,22:42,Wifey❤️,just for our good eeeeeeee,Positive,Positive
19/03/25,22:43,rohxn 03,😭😭,Negative,Neutral
19/03/25,22:45,Wifey❤️,Poda patti <This message was edited>,Neutral,Neutral
19/03/25,22:45,Nishita 🪰,What happened to her ??,Neutral,Neutral
19/03/25,22:45,Nishita 🪰,She is gonna mad,Negative,Negative
19/03/25,22:45,Wifey❤️,Ah if all forget na then we will understand,Negative,Neutral
19/03/25,22:46,Nishita 🪰,Karme ve 🤦‍♀️,Neutral,Neutral
19/03/25,22:47,Gass,English murderd successfully ☠️😐,Positive,Positive
19/03/25,22:47,Wifey❤️,Yes,Positive,Positive
19/03/25,22:48,rohxn 03,U too😆,Positive,Neutral
19/03/25,22:48,Wifey❤️,I did that,Neutral,Neutral
19/03/25,22:48,Wifey❤️,😎,Positive,Neutral
19/03/25,22:48,rohxn 03,🤨,Neutral,Neutral
19/03/25,22:48,Wifey❤️,Eeee,Neutral,Neutral
19/03/25,22:48,rohxn 03,Why my emoji isnt live,Neutral,Neutral
19/03/25,22:48,rohxn 03,😉,Neutral,Neutral
19/03/25,22:48,Gass,I do it wantedly,Neutral,Neutral
19/03/25,22:48,rohxn 03,Haa yass,Neutral,Neutral
19/03/25,22:48,Gass,We are vatal nagraj fans😎😂,Positive,Positive
19/03/25,22:49,Wifey❤️,Rohith they don't know who is he,Neutral,Neutral
19/03/25,22:49,Gass,No problem let them do a research on him 😒,Positive,Positive
19/03/25,22:50,Wifey❤️,😆,Positive,Neutral
19/03/25,22:50,Gass,He is the man who made our school days better🙏,Positive,Positive
20/03/25,13:10,Wifey❤️,@918799146002 bvc elli idyaaa,Neutral,Neutral
20/03/25,13:13,Nishita 🪰,Pg,Neutral,Neutral
20/03/25,13:13,Nishita 🪰,I didn't come to clg today,Neutral,Neutral
20/03/25,13:18,rohxn 03,U will not come to Meeting also,Neutral,Neutral
20/03/25,13:19,rohxn 03,Nishita,Neutral,Neutral
20/03/25,15:43,Nishita 🪰,Glassdoor website for placement drive,Neutral,Neutral
22/03/25,17:43,rohxn 03,<Media omitted>,Neutral,Neutral
22/03/25,17:43,rohxn 03,<Media omitted>,Neutral,Neutral
22/03/25,17:44,rohxn 03,@916364562073 Edaaa ur cie submission ok,Positive,Positive
22/03/25,17:44,rohxn 03,U can submit from ur phone no worries,Positive,Positive
22/03/25,17:45,Nishita 🪰,@916238330557 can you send your photos if possible?? I wanted to see,Neutral,Neutral
22/03/25,17:45,rohxn 03,<Media omitted>,Neutral,Neutral
22/03/25,17:45,rohxn 03,This one,Neutral,Neutral
22/03/25,17:46,Nishita 🪰,Only one ??,Neutral,Neutral
22/03/25,17:46,rohxn 03,Other one lemme seee,Neutral,Neutral
22/03/25,17:46,Nishita 🪰,Ok,Positive,Positive
22/03/25,17:47,rohxn 03,<Media omitted>,Neutral,Neutral
22/03/25,17:47,rohxn 03,<Media omitted>,Neutral,Neutral
22/03/25,17:47,rohxn 03,<Media omitted>,Neutral,Neutral
22/03/25,17:47,rohxn 03,<Media omitted>,Neutral,Neutral
22/03/25,17:47,Wifey❤️,❤❤,Positive,Neutral
22/03/25,17:48,Wifey❤️,Sooo good,Positive,Positive
22/03/25,17:48,rohxn 03,😁😁😁,Positive,Neutral
22/03/25,17:48,Nishita 🪰,So nice these pics are,Positive,Positive
22/03/25,17:48,Wifey❤️,Thumbaaa chanagide,Neutral,Neutral
22/03/25,17:48,Nishita 🪰,Good work 🥰,Positive,Positive
22/03/25,17:48,rohxn 03,Nobody bring the props u know......,Neutral,Neutral
22/03/25,17:49,Wifey❤️,Ahhh great work chu🥰,Positive,Positive
22/03/25,17:49,rohxn 03,Denkyu,Neutral,Neutral
22/03/25,17:49,Nishita 🪰,See hardwork pays u,Neutral,Neutral
22/03/25,17:49,Wifey❤️,🥰,Positive,Neutral
22/03/25,17:49,Nishita 🪰,🥰,Positive,Neutral
22/03/25,17:50,Nishita 🪰,@916238330557 say thanks to me also. I also appreciated your work bvc,Positive,Positive
22/03/25,17:51,rohxn 03,Ayyooo sorry..... Denkyuuuuuuuuu,Negative,Negative
22/03/25,17:52,Nishita 🪰,Ahh okk,Neutral,Neutral
22/03/25,21:07,rohxn 03,@916364562073 Edaa naale we r going to an ngo,Neutral,Neutral
22/03/25,21:09,Gass,No da i told you na i have myself arranged a function a Tommorow on occasion of my parents 25th year anniversary,Negative,Negative
22/03/25,21:32,Nishita 🪰,@916238330557 @919663957450 ,Neutral,Neutral
22/03/25,21:32,Nishita 🪰,<Media omitted>,Neutral,Neutral
22/03/25,21:32,Nishita 🪰,<Media omitted>,Neutral,Neutral
22/03/25,21:33,Nishita 🪰,My junior we need these printouts,Neutral,Neutral
22/03/25,21:33,Wifey❤️,Printouts doubt,Negative,Neutral
22/03/25,21:33,Wifey❤️,Who will open that early,Neutral,Neutral
22/03/25,21:33,Nishita 🪰,Ade,Neutral,Neutral
22/03/25,21:33,Nishita 🪰,Let's see,Neutral,Neutral
22/03/25,21:34,Wifey❤️,Ok,Positive,Positive
22/03/25,21:34,Wifey❤️,Now go all sleep,Neutral,Neutral
22/03/25,21:34,Nishita 🪰,Where is he ?? He didn't see the msg,Neutral,Neutral
22/03/25,21:34,Wifey❤️,Haa he will see no worries,Positive,Positive
22/03/25,21:35,Nishita 🪰,Haan okk,Neutral,Neutral
22/03/25,21:35,Nishita 🪰,Check everything once before leaving,Neutral,Neutral
22/03/25,21:35,Wifey❤️,Wokey <This message was edited>,Neutral,Neutral
22/03/25,21:36,Nishita 🪰,Ok then,Positive,Positive
22/03/25,21:36,Nishita 🪰,Good night 😴,Positive,Positive
22/03/25,21:36,Nishita 🪰,@919663957450 don't forget to call us in the morning,Positive,Positive
22/03/25,21:36,Wifey❤️,Good night,Positive,Positive
22/03/25,21:36,Wifey❤️,Sure I'll,Positive,Positive
22/03/25,21:36,Wifey❤️,KEEP YOUR RINGTONE MAX VOLUME,Neutral,Neutral
22/03/25,21:36,Nishita 🪰,Tata 👋👋👋👋,Positive,Neutral
22/03/25,21:37,Nishita 🪰,Okkk,Neutral,Neutral
22/03/25,21:37,Wifey❤️,Okok,Neutral,Neutral
22/03/25,21:37,rohxn 03,Oooooo,Neutral,Neutral
22/03/25,21:38,rohxn 03,Nanna call maadu yellaaaru,Neutral,Neutral
22/03/25,21:38,rohxn 03,Mmaaaaaa,Neutral,Neutral
22/03/25,21:38,Wifey❤️,Ahhh ahhh,Neutral,Neutral
22/03/25,21:38,Wifey❤️,Read this carefully,Positive,Neutral
22/03/25,21:38,rohxn 03,😁😁,Positive,Neutral
22/03/25,21:45,Gass,Banni yalarau,Neutral,Neutral
22/03/25,21:45,Gass,Yalaru*,Neutral,Neutral
22/03/25,21:45,Gass,After ngo work,Neutral,Neutral
22/03/25,21:46,Gass,Which place are you ppl going,Neutral,Neutral
23/03/25,05:02,rohxn 03,Did everyone woke!!,Neutral,Neutral
23/03/25,05:03,Nishita 🪰,I woke,Neutral,Neutral
23/03/25,05:08,rohxn 03,Nishita bring sunscreen if u have one for u,Neutral,Neutral
23/03/25,05:09,Gass,<Media omitted>,Neutral,Neutral
23/03/25,05:09,rohxn 03,U woke,Neutral,Neutral
23/03/25,05:09,Gass,I should go to the market 🙂,Positive,Neutral
23/03/25,05:10,rohxn 03,😳 for what,Neutral,Neutral
23/03/25,05:10,rohxn 03,Reason,Neutral,Neutral
23/03/25,05:10,Gass,For fresh vegetables and items,Positive,Positive
23/03/25,05:10,Gass,I told na myre i have arranged a function today,Neutral,Neutral
23/03/25,05:10,Gass,For cooking we should bring things na,Neutral,Neutral
23/03/25,05:11,Gass,If we go early in the morning we will get everything fresh aduke i woke early,Positive,Positive
23/03/25,05:15,rohxn 03,Oooh yass yass,Neutral,Neutral
23/03/25,05:16,Gass,Haa,Neutral,Neutral
23/03/25,05:18,Gass,Where are you going today?,Neutral,Neutral
23/03/25,05:18,Gass,Which area?,Neutral,Neutral
23/03/25,05:32,rohxn 03,@918799146002 Leave at 5 35 to 5 40 ok,Positive,Positive
23/03/25,05:32,rohxn 03,Place they only knows,Neutral,Neutral
23/03/25,05:39,Wifey❤️,I'm the 1st,Neutral,Neutral
23/03/25,05:39,rohxn 03,Kindi i woke before u idiot,Negative,Negative
23/03/25,05:40,rohxn 03,Ee bvc elli idhe?,Neutral,Neutral
23/03/25,05:40,rohxn 03,I left the hostel,Neutral,Neutral
23/03/25,05:41,Wifey❤️,Poda patti,Neutral,Neutral
23/03/25,05:41,rohxn 03,Where r u madam,Neutral,Neutral
23/03/25,05:42,Wifey❤️,I'm still in home,Neutral,Neutral
23/03/25,05:42,Wifey❤️,I'm ready okay,Positive,Positive
23/03/25,05:42,rohxn 03,Fine fine,Positive,Positive
23/03/25,05:42,Wifey❤️,Red tshirt,Neutral,Neutral
23/03/25,05:42,Wifey❤️,Black pant,Neutral,Neutral
23/03/25,05:42,rohxn 03,Green and black,Neutral,Neutral
23/03/25,05:42,Wifey❤️,Pink hoodie,Neutral,Neutral
23/03/25,05:42,Wifey❤️,U?,Neutral,Neutral
23/03/25,05:42,rohxn 03,Haa,Neutral,Neutral
23/03/25,05:42,Wifey❤️,Good good,Positive,Positive
23/03/25,05:42,Wifey❤️,Insta alli come,Neutral,Neutral
23/03/25,05:43,Wifey❤️,I'm leaving,Neutral,Neutral
23/03/25,05:43,rohxn 03,Heyy ivagayaaa,Neutral,Neutral
23/03/25,05:44,rohxn 03,Avalu innu bandillaa,Neutral,Neutral
23/03/25,05:44,Wifey❤️,Call,Neutral,Neutral
23/03/25,05:44,Wifey❤️,We have to catch 3 bus,Neutral,Neutral
23/03/25,05:44,rohxn 03,🤨,Neutral,Neutral
23/03/25,05:44,rohxn 03,Naan en maadli ee bvc bandillaa innu,Neutral,Neutral
23/03/25,05:44,Gass,Guna yav area hogtha irodu,Neutral,Neutral
23/03/25,05:46,Wifey❤️,Kumarswamy layout,Neutral,Neutral
23/03/25,05:46,Gass,Okay ok,Positive,Positive
23/03/25,05:50,Nishita 🪰,@916238330557 I have left 5 mins back,Neutral,Neutral
23/03/25,05:50,Nishita 🪰,I am near Pornima Palace,Neutral,Positive
23/03/25,05:51,rohxn 03,Im in that bus stop,Neutral,Neutral
23/03/25,05:51,Wifey❤️,Ppl,Neutral,Neutral
23/03/25,05:51,Nishita 🪰,Haan coming,Neutral,Neutral
23/03/25,05:51,Wifey❤️,I successfully forgot,Positive,Positive
23/03/25,05:51,Wifey❤️,One thing,Neutral,Neutral
23/03/25,05:51,rohxn 03,What,Neutral,Neutral
23/03/25,05:51,Wifey❤️,Umbrella😁,Positive,Neutral
23/03/25,05:51,rohxn 03,I have,Neutral,Neutral
23/03/25,05:52,Wifey❤️,Okay share ok😁😁,Positive,Positive
23/03/25,05:52,rohxn 03,😈sure,Positive,Positive
23/03/25,05:52,Wifey❤️,😁,Positive,Neutral
23/03/25,05:53,rohxn 03,Dont chat im bike ammu,Neutral,Neutral
23/03/25,05:53,rohxn 03,On,Neutral,Neutral
23/03/25,05:53,Wifey❤️,Car,Neutral,Neutral
23/03/25,05:53,Wifey❤️,Dear,Positive,Neutral
23/03/25,05:53,Wifey❤️,😎,Positive,Neutral
23/03/25,05:53,Wifey❤️,I'm in quarters,Neutral,Neutral
23/03/25,05:56,rohxn 03,Txt when u reach njanabharathi,Neutral,Positive
23/03/25,05:56,Wifey❤️,Sure,Positive,Positive
23/03/25,05:56,Wifey❤️,Did u took ur passport size pic,Neutral,Neutral
23/03/25,05:57,Wifey❤️,Hey I reached okay,Positive,Positive
23/03/25,05:57,rohxn 03,😉yep,Neutral,Neutral
23/03/25,05:58,rohxn 03,Ammu we got bus,Neutral,Neutral
23/03/25,05:58,rohxn 03,KA 57 F 6546,Neutral,Neutral
23/03/25,16:13,Wifey❤️,null,Neutral,Neutral
23/03/25,16:13,Wifey❤️,<Media omitted>,Neutral,Neutral
23/03/25,16:13,Wifey❤️,<Media omitted>,Neutral,Neutral
23/03/25,16:13,Wifey❤️,<Media omitted>,Neutral,Neutral
23/03/25,16:13,Wifey❤️,<Media omitted>,Neutral,Neutral
23/03/25,16:13,Wifey❤️,<Media omitted>,Neutral,Neutral
23/03/25,16:13,Wifey❤️,<Media omitted>,Neutral,Neutral
23/03/25,16:13,Wifey❤️,<Media omitted>,Neutral,Neutral
23/03/25,16:13,Wifey❤️,<Media omitted>,Neutral,Neutral
23/03/25,16:13,Wifey❤️,<Media omitted>,Neutral,Neutral
23/03/25,16:13,Wifey❤️,<Media omitted>,Neutral,Neutral
23/03/25,16:13,Wifey❤️,<Media omitted>,Neutral,Neutral
23/03/25,16:13,Wifey❤️,<Media omitted>,Neutral,Neutral
23/03/25,16:13,Wifey❤️,<Media omitted>,Neutral,Neutral
23/03/25,16:13,Wifey❤️,<Media omitted>,Neutral,Neutral
23/03/25,16:13,Wifey❤️,<Media omitted>,Neutral,Neutral
23/03/25,16:13,Wifey❤️,<Media omitted>,Neutral,Neutral
23/03/25,16:13,Wifey❤️,<Media omitted>,Neutral,Neutral
23/03/25,16:13,Wifey❤️,null,Neutral,Neutral
23/03/25,16:13,Wifey❤️,<Media omitted>,Neutral,Neutral
23/03/25,16:13,Wifey❤️,<Media omitted>,Neutral,Neutral
23/03/25,16:13,Wifey❤️,<Media omitted>,Neutral,Neutral
23/03/25,16:13,Wifey❤️,<Media omitted>,Neutral,Neutral
23/03/25,16:13,Wifey❤️,<Media omitted>,Neutral,Neutral
23/03/25,16:13,Wifey❤️,<Media omitted>,Neutral,Neutral
23/03/25,16:13,Wifey❤️,<Media omitted>,Neutral,Neutral
23/03/25,16:13,Wifey❤️,<Media omitted>,Neutral,Neutral
23/03/25,16:13,Wifey❤️,<Media omitted>,Neutral,Neutral
23/03/25,16:13,Wifey❤️,<Media omitted>,Neutral,Neutral
23/03/25,16:13,Wifey❤️,<Media omitted>,Neutral,Neutral
23/03/25,16:13,Wifey❤️,<Media omitted>,Neutral,Neutral
23/03/25,16:13,Wifey❤️,<Media omitted>,Neutral,Neutral
23/03/25,16:13,Wifey❤️,<Media omitted>,Neutral,Neutral
23/03/25,16:13,Wifey❤️,<Media omitted>,Neutral,Neutral
23/03/25,16:13,Wifey❤️,<Media omitted>,Neutral,Neutral
23/03/25,16:13,Wifey❤️,<Media omitted>,Neutral,Neutral
23/03/25,16:13,Wifey❤️,<Media omitted>,Neutral,Neutral
23/03/25,16:13,Wifey❤️,<Media omitted>,Neutral,Neutral
23/03/25,16:13,Wifey❤️,<Media omitted>,Neutral,Neutral
23/03/25,16:13,Wifey❤️,<Media omitted>,Neutral,Neutral
23/03/25,16:13,Wifey❤️,<Media omitted>,Neutral,Neutral
23/03/25,16:13,Wifey❤️,<Media omitted>,Neutral,Neutral
23/03/25,16:13,Wifey❤️,<Media omitted>,Neutral,Neutral
23/03/25,16:13,Wifey❤️,<Media omitted>,Neutral,Neutral
23/03/25,16:13,Wifey❤️,<Media omitted>,Neutral,Neutral
23/03/25,17:53,Nishita 🪰,Hey guys,Neutral,Neutral
23/03/25,17:53,Nishita 🪰,Keep your certificates safe we need them in future,Positive,Positive
23/03/25,21:43,Nishita 🪰,https://unity.com/download,Neutral,Neutral
23/03/25,21:44,Nishita 🪰,https://unity.com/releases/editor/archive : 2021.3.49f1,Neutral,Neutral
23/03/25,21:45,Nishita 🪰,Download this can come tmr for workshop,Neutral,Neutral
23/03/25,21:45,Nishita 🪰,IMP 👆,Neutral,Neutral
24/03/25,09:00,Wifey❤️,hey I cant see anything in his link,Neutral,Neutral
24/03/25,09:01,Wifey❤️,its showing 404 not found......,Neutral,Neutral
24/03/25,13:46,Wifey❤️,They are telling to take group photo,Neutral,Neutral
24/03/25,13:46,Wifey❤️,Nishita and achu,Neutral,Neutral
24/03/25,13:46,rohxn 03,When?,Neutral,Neutral
24/03/25,13:46,Nishita 🪰,Haan,Neutral,Neutral
24/03/25,13:46,Wifey❤️,Now right now,Neutral,Neutral
24/03/25,13:46,Nishita 🪰,Ok,Positive,Positive
24/03/25,13:46,rohxn 03,2 i clock saakaaa,Neutral,Neutral
24/03/25,13:47,rohxn 03,Im downloading adke,Neutral,Neutral
24/03/25,13:47,Nishita 🪰,I am coming,Neutral,Neutral
24/03/25,13:47,Wifey❤️,<Media omitted>,Neutral,Neutral
24/03/25,13:47,rohxn 03,Shit,Negative,Negative
24/03/25,13:47,rohxn 03,Where is this class,Neutral,Neutral
24/03/25,13:47,Nishita 🪰,But it will take 5 mins,Neutral,Neutral
24/03/25,13:47,rohxn 03,.....,Neutral,Neutral
24/03/25,13:47,Nishita 🪰,B block,Negative,Negative
24/03/25,13:47,rohxn 03,In b block where,Negative,Neutral
24/03/25,13:48,rohxn 03,Oooo near vending machine ryt,Neutral,Positive
24/03/25,13:48,Wifey❤️,Jon,Neutral,Neutral
24/03/25,13:48,Wifey❤️,Join,Positive,Positive
24/03/25,13:48,Wifey❤️,Vending machine,Neutral,Neutral
24/03/25,13:48,Wifey❤️,B block,Negative,Negative
24/03/25,13:49,Wifey❤️,Finished,Neutral,Neutral
24/03/25,13:49,Nishita 🪰,Haan,Neutral,Neutral
24/03/25,13:49,Nishita 🪰,It's ok,Positive,Positive
24/03/25,13:49,Wifey❤️,It's just a group photo needed  anthaa vidit told,Neutral,Neutral
24/03/25,13:49,Nishita 🪰,Fine,Positive,Positive
24/03/25,13:50,Nishita 🪰,Now come to a005,Neutral,Neutral
24/03/25,13:55,rohxn 03,Pls let me know when teacher enters the class,Positive,Positive
24/03/25,13:56,Wifey❤️,Ok,Positive,Positive
24/03/25,14:00,rohxn 03,@918799146002 is it downloading fast??,Neutral,Neutral
24/03/25,17:04,rohxn 03,<Media omitted>,Neutral,Neutral
24/03/25,17:04,rohxn 03,Nishita we got the certificate ok,Positive,Positive
24/03/25,17:11,Gass,Did they pay you 👀😂,Positive,Neutral
24/03/25,17:11,Gass,How much did you score?,Neutral,Neutral
24/03/25,17:18,Nishita 🪰,From u got ??,Neutral,Neutral
24/03/25,17:18,Nishita 🪰,How to do that ??,Neutral,Neutral
24/03/25,17:32,Wifey❤️,"Near ur pg printing shop will be there, if not naale baa here xerox shop is there right, or universitys also fine",Positive,Positive
24/03/25,17:33,Nishita 🪰,Rohan stop 😡,Negative,Neutral
24/03/25,17:33,Nishita 🪰,Don't irritate me,Positive,Positive
24/03/25,17:33,Gass,<Media omitted>,Neutral,Neutral
24/03/25,17:34,Wifey❤️,🤣🤣🤣🤣,Positive,Neutral
24/03/25,17:35,Gass,<Media omitted>,Neutral,Neutral
24/03/25,17:39,Nishita 🪰,@919663957450 I will call you later,Neutral,Neutral
24/03/25,17:40,Wifey❤️,Ok....,Neutral,Positive
24/03/25,18:36,Wifey❤️,<Media omitted>,Neutral,Neutral
24/03/25,18:38,Nishita 🪰,I got 👆,Neutral,Neutral
24/03/25,18:38,Nishita 🪰,She had downloaded that in her phone,Neutral,Neutral
24/03/25,18:38,Nishita 🪰,Thank God 🙏,Positive,Positive
24/03/25,19:31,Wifey❤️,All credits goes to me😎,Positive,Positive
24/03/25,19:37,rohxn 03,<Media omitted>,Neutral,Neutral
25/03/25,16:46,Wifey❤️,null,Neutral,Neutral
25/03/25,16:46,Wifey❤️,<Media omitted>,Neutral,Neutral
25/03/25,16:46,Wifey❤️,<Media omitted>,Neutral,Neutral
25/03/25,16:46,Wifey❤️,<Media omitted>,Neutral,Neutral
25/03/25,16:46,Wifey❤️,<Media omitted>,Neutral,Neutral
25/03/25,20:38,rohxn 03,<Media omitted>,Neutral,Neutral
25/03/25,20:38,Nishita 🪰,Where are you bvc ??,Neutral,Neutral
25/03/25,20:39,Nishita 🪰,U went alone?? When ?,Negative,Neutral
25/03/25,20:39,Wifey❤️,seriously achu,Negative,Negative
25/03/25,20:39,Wifey❤️,alla r u seriou,Neutral,Neutral
25/03/25,20:40,Wifey❤️,one second atleast one sec nin wife remember agilavaa??,Neutral,Neutral
25/03/25,20:41,rohxn 03,Aaythu ammu,Neutral,Neutral
25/03/25,20:45,Gass,What is that myre?,Neutral,Neutral
25/03/25,20:45,Gass,Nale class thago,Neutral,Neutral
25/03/25,20:48,Wifey❤️,Haa,Neutral,Neutral
25/03/25,20:55,Gass,<Media omitted>,Neutral,Neutral
25/03/25,21:00,Wifey❤️,🙄,Neutral,Neutral
25/03/25,21:03,Gass,Online delivery madbeku,Neutral,Neutral
25/03/25,21:03,Gass,Ninne thindbitu one for you anthe 😒,Neutral,Neutral
25/03/25,21:04,Wifey❤️,Hogli bidu thinli,Neutral,Positive
25/03/25,21:04,Gass,Ella Ella bekke beku nyaya beku,Neutral,Neutral
25/03/25,21:05,Gass,Vatal nagraj karsana yemme mele savari madsona,Neutral,Neutral
25/03/25,21:05,rohxn 03,Myre dont put ideas in her head,Neutral,Neutral
25/03/25,21:05,Gass,🤣🤣🤣,Positive,Neutral
25/03/25,21:06,Gass,Scissors for your pocket ✂️😂,Positive,Positive
25/03/25,21:06,rohxn 03,😭😭,Negative,Neutral
25/03/25,21:06,Gass,😂😂😂,Positive,Neutral
26/03/25,15:35,Gass,They told me not to give to anyone,Neutral,Neutral
26/03/25,15:35,Gass,Options note madkoli,Neutral,Neutral
26/03/25,15:35,Gass,Don't tell anyone,Neutral,Neutral
26/03/25,15:35,Wifey❤️,Haaa send madu pa,Neutral,Neutral
26/03/25,15:35,Gass,Paper no dout same for everyone,Negative,Negative
26/03/25,15:35,Gass,<Media omitted>,Neutral,Neutral
26/03/25,15:35,Wifey❤️,Ok,Positive,Positive
26/03/25,21:37,Gass,https://forms.gle/DMhEmGonFcG8miPr9,Neutral,Neutral
26/03/25,21:37,Gass,ARS01,Neutral,Neutral
26/03/25,21:37,Gass,Guys e form yest jana agutho avr athra fill madsi,Neutral,Neutral
26/03/25,21:37,Gass,This message was deleted,Neutral,Neutral
26/03/25,21:38,Gass,With this referral code,Neutral,Neutral
29/03/25,22:02,Nishita 🪰,<Media omitted>,Neutral,Neutral
29/03/25,22:02,Nishita 🪰,<Media omitted>,Neutral,Neutral
29/03/25,22:03,Nishita 🪰,Guna if possible bring both form printouts,Neutral,Neutral
29/03/25,22:20,Wifey❤️,okayy,Neutral,Neutral
31/03/25,09:37,rohxn 03,Heyyy,Neutral,Neutral
31/03/25,09:37,rohxn 03,I got letter from srinivasan ngo,Neutral,Neutral
31/03/25,09:37,rohxn 03,Whats next??,Neutral,Neutral
31/03/25,09:54,Nishita 🪰,Feedback form,Neutral,Neutral
31/03/25,09:58,Wifey❤️,I didn't got any,Neutral,Neutral
31/03/25,09:58,Wifey❤️,Got in whatsApp,Neutral,Neutral
31/03/25,09:58,Wifey❤️,😁,Positive,Neutral
31/03/25,09:59,Nishita 🪰,Did Sir say anything about feedback form ??,Neutral,Neutral
31/03/25,09:59,Wifey❤️,Hey help me what should I reply back,Positive,Positive
31/03/25,09:59,Wifey❤️,<Media omitted>,Neutral,Neutral
31/03/25,10:00,Wifey❤️,What should I reply😭😭,Negative,Neutral
31/03/25,10:00,Wifey❤️,Papaa we gave him lot work,Neutral,Neutral
31/03/25,10:00,Nishita 🪰,Say Thanks to him,Positive,Positive
31/03/25,10:00,Wifey❤️,That's it,Neutral,Neutral
31/03/25,10:00,Nishita 🪰,What else will you write ??,Neutral,Neutral
31/03/25,10:01,Wifey❤️,Nothing I thought to say sorry,Negative,Negative
31/03/25,10:01,Wifey❤️,Because he mentioned ryt only for us he wrote the letter,Neutral,Neutral
31/03/25,10:01,Nishita 🪰,Ok mention it then,Positive,Positive
31/03/25,10:02,Wifey❤️,Haa,Neutral,Neutral
31/03/25,10:04,Nishita 🪰,He didn't say anything about the feedback form ??,Neutral,Neutral
31/03/25,10:04,Wifey❤️,Nope,Neutral,Neutral
31/03/25,10:04,Nishita 🪰,What to do then ??,Neutral,Neutral
31/03/25,10:05,Wifey❤️,That achu want to ask astee,Positive,Positive
31/03/25,10:05,Wifey❤️,I can't ask again,Neutral,Neutral
31/03/25,10:05,Wifey❤️,How much we txted,Neutral,Neutral
31/03/25,10:05,Wifey❤️,I felt like we gave him lot of work,Positive,Positive
31/03/25,10:05,Wifey❤️,Because only for us he wrote a letter,Neutral,Neutral
31/03/25,10:06,Nishita 🪰,Ade,Neutral,Neutral
31/03/25,10:06,Nishita 🪰,Call him and tell him to text him or call him,Neutral,Neutral
31/03/25,10:06,Wifey❤️,Call he better I guess,Positive,Neutral
31/03/25,10:07,Wifey❤️,It's okay now achu's turn,Positive,Positive
31/03/25,10:07,Wifey❤️,Let him call and ask about the feedback form <This message was edited>,Neutral,Neutral
31/03/25,10:07,Nishita 🪰,Understood,Neutral,Neutral
31/03/25,10:09,Nishita 🪰,U call that bvc and tell do this task,Neutral,Neutral
31/03/25,10:09,Wifey❤️,I'm txting he saw,Neutral,Neutral
31/03/25,10:10,Wifey❤️,Oh u r talking to someone shoreee😁,Positive,Positive
31/03/25,10:11,Nishita 🪰,Hmmm,Neutral,Neutral
31/03/25,10:57,rohxn 03,<Media omitted>,Neutral,Neutral
31/03/25,11:00,Gass,Guys has anyone of you completed the constitution of India assignment,Neutral,Neutral
31/03/25,11:20,Nishita 🪰,Don't use my dialogue on me only 👿,Negative,Negative
31/03/25,12:51,rohxn 03,U can't submit edaaaa,Neutral,Neutral
31/03/25,12:51,rohxn 03,Date mukithu,Neutral,Neutral
31/03/25,13:12,Gass,Ay i can,Neutral,Neutral
31/03/25,13:12,Gass,They have given time till today 5pm,Neutral,Neutral
31/03/25,13:13,Gass,Send madu myre,Neutral,Neutral
31/03/25,13:15,rohxn 03,Hey srinivasan sir told he done anthaa,Neutral,Neutral
31/03/25,13:15,rohxn 03,I don't have my lap kuttaaa,Neutral,Neutral
31/03/25,13:15,Gass,Ok what about Guna,Positive,Positive
31/03/25,13:16,Gass,Guna idre kalsamma submit madbidtini,Neutral,Neutral
01/04/25,13:02,rohxn 03,U got????,Neutral,Neutral
01/04/25,13:03,rohxn 03,Hey ppl today we need to  submit the report ryt???,Neutral,Neutral
01/04/25,13:03,rohxn 03,What and all to do......,Neutral,Neutral
01/04/25,13:03,rohxn 03,Ammu... Help me ok.... I dont have lap illi,Positive,Positive
01/04/25,21:46,rohxn 03,Put up Volunteer Painter,Neutral,Neutral
01/04/25,21:46,rohxn 03,This is what vidith told,Neutral,Neutral
01/04/25,21:50,Nishita 🪰,Use this if till 1/2 hour we don't get msg from the NGO person,Neutral,Neutral
01/04/25,21:52,rohxn 03,Ok..... Ammu put that report in our GCR and wait for half an hour,Neutral,Neutral
01/04/25,21:53,Wifey❤️,fine,Positive,Positive
01/04/25,21:54,Wifey❤️,ill just add like this ,Negative,Positive
01/04/25,22:19,rohxn 03,Heyyy,Neutral,Neutral
01/04/25,22:19,rohxn 03,No updates,Negative,Negative
01/04/25,22:19,rohxn 03,Shall we turn,Neutral,Neutral
01/04/25,22:20,Wifey❤️,ookayy,Neutral,Neutral
01/04/25,22:21,Nishita 🪰,Okk,Neutral,Neutral
01/04/25,22:22,Wifey❤️,then im going to subit,Neutral,Neutral
02/04/25,15:45,Wifey❤️,nishitaa and achu u both got 48 out of 50,Neutral,Neutral
02/04/25,16:51,Nishita 🪰,U ???,Neutral,Neutral
02/04/25,17:51,rohxn 03,🤨🤨,Neutral,Neutral
02/04/25,17:51,rohxn 03,On what,Neutral,Neutral
02/04/25,17:51,Wifey❤️,Constitution of india,Neutral,Neutral
02/04/25,17:52,rohxn 03,U,Neutral,Neutral
02/04/25,17:52,Wifey❤️,I got 46🙂,Positive,Neutral
02/04/25,17:52,rohxn 03,Haavu,Neutral,Neutral
02/04/25,17:53,Gass,U haavu na😂🐍🐍,Positive,Neutral
02/04/25,17:53,rohxn 03,😭😭,Negative,Neutral
03/04/25,08:50,rohxn 03,@918799146002 Bring phone charger if u can,Neutral,Neutral
03/04/25,09:27,Nishita 🪰,I saw the msg,Neutral,Neutral
04/04/25,14:57,Nishita 🪰,https://www.kaggle.com/code/mohammedabdeldayem/facial-expression-recognition-using-vit,Neutral,Neutral
04/04/25,16:02,rohxn 03,🍑,Neutral,Neutral
04/04/25,20:38,rohxn 03,Ppl u done the payment?,Neutral,Neutral
04/04/25,21:10,Wifey❤️,Hey I didn't fill the form,Neutral,Neutral
04/04/25,21:10,Wifey❤️,Can I do it tomorrow,Neutral,Neutral
04/04/25,21:42,Nishita 🪰,Even I didn't,Neutral,Neutral
04/04/25,21:42,Nishita 🪰,I was asking my parents about that,Neutral,Neutral
05/04/25,13:40,Nishita 🪰,https://meet.google.com/mod-wvym-hvg,Neutral,Neutral
05/04/25,13:40,Nishita 🪰,@916238330557 @919663957450  Join now,Positive,Positive
05/04/25,13:59,Wifey❤️,join,Positive,Positive
05/04/25,13:59,Wifey❤️,join,Positive,Positive
05/04/25,14:03,Wifey❤️,Anik Acharjee <anika@rvu.edu.in>,Neutral,Neutral
05/04/25,14:04,Wifey❤️,muralidharb@rvu.edu.in,Neutral,Neutral
05/04/25,14:04,Wifey❤️,Muralidhar Billa,Neutral,Neutral
05/04/25,15:25,Nishita 🪰,@919663957450 and @916238330557 we will have a conference call in the evening,Neutral,Neutral
05/04/25,15:46,Wifey❤️,<Media omitted>,Neutral,Neutral
05/04/25,16:07,Nishita 🪰,U went there ??,Neutral,Neutral
05/04/25,16:07,Nishita 🪰,Without me 💔,Negative,Positive
05/04/25,16:19,Wifey❤️,"We called u bvc, u told ur security won't leave u inside",Positive,Positive
05/04/25,16:20,Nishita 🪰,I thought you will go to canteen,Neutral,Neutral
05/04/25,16:20,Nishita 🪰,I would have come from other side of road,Neutral,Neutral
05/04/25,16:20,Wifey❤️,"We also thought, alli enu illaa saturday ryt",Neutral,Neutral
05/04/25,16:21,Wifey❤️,Oooooh....... Next time be in class dont run to pg,Neutral,Neutral
05/04/25,16:21,Nishita 🪰,It's ok bidu,Positive,Positive
05/04/25,16:21,Nishita 🪰,I was tired da,Negative,Neutral
05/04/25,19:28,rohxn 03,Naale ngo illaaaa,Neutral,Neutral
05/04/25,19:28,rohxn 03,I called him,Neutral,Neutral
05/04/25,19:28,rohxn 03,Next week ide,Neutral,Neutral
05/04/25,19:47,Nishita 🪰,Okk,Neutral,Neutral
05/04/25,19:47,Nishita 🪰,Atleast complete the coding part of our mla project @916238330557,Neutral,Neutral
06/04/25,10:56,rohxn 03,<Media omitted>,Neutral,Neutral
06/04/25,10:56,rohxn 03,Ppl.....This is puttu by the way,Neutral,Neutral
06/04/25,10:56,rohxn 03,Who never saw this,Neutral,Neutral
06/04/25,10:57,Nishita 🪰,I know this 🍑,Neutral,Neutral
06/04/25,18:40,Wifey❤️,<Media omitted>,Neutral,Neutral
06/04/25,18:40,Wifey❤️,<Media omitted>,Neutral,Neutral
06/04/25,18:40,Wifey❤️,This too ok!,Neutral,Positive
06/04/25,19:09,Nishita 🪰,import numpy as np,Positive,Positive
06/04/25,19:12,Nishita 🪰,pip install opencv-python,Neutral,Neutral
07/04/25,17:56,Nishita 🪰,<Media omitted>,Neutral,Neutral
07/04/25,17:56,Nishita 🪰,👆Imp for MLA cie 3 evaluation,Neutral,Neutral
07/04/25,22:06,rohxn 03,In a meeting nishita ,Neutral,Neutral
07/04/25,22:07,Gass,Dai,Neutral,Neutral
07/04/25,22:07,Gass,Call me back when you finish your meeting,Neutral,Neutral
07/04/25,22:11,Nishita 🪰,Ok,Positive,Positive
07/04/25,22:11,Nishita 🪰,Begaa call maduu,Neutral,Neutral
07/04/25,22:13,rohxn 03,<Media omitted>,Neutral,Neutral
07/04/25,22:13,rohxn 03,Haa finished,Neutral,Neutral
07/04/25,22:13,rohxn 03,Call,Neutral,Neutral
07/04/25,22:14,Gass,Ok but please check asap avnu submit madu andha,Positive,Positive
07/04/25,22:18,Wifey❤️,<Media omitted>,Neutral,Neutral
07/04/25,22:18,Wifey❤️,<Media omitted>,Neutral,Neutral
07/04/25,22:18,Wifey❤️,<Media omitted>,Neutral,Neutral
07/04/25,22:18,Wifey❤️,<Media omitted>,Neutral,Neutral
07/04/25,22:19,Wifey❤️,<Media omitted>,Neutral,Neutral
07/04/25,22:19,Wifey❤️,<Media omitted>,Neutral,Neutral
07/04/25,22:19,Wifey❤️,<Media omitted>,Neutral,Neutral
07/04/25,22:19,Gass,Raw? <This message was edited>,Neutral,Neutral
07/04/25,22:19,Wifey❤️,<Media omitted>,Neutral,Neutral
07/04/25,22:20,Wifey❤️,<Media omitted>,Neutral,Neutral
07/04/25,22:20,Wifey❤️,<Media omitted>,Neutral,Neutral
07/04/25,22:20,Wifey❤️,<Media omitted>,Neutral,Neutral
07/04/25,22:21,Gass,Ok thank you,Positive,Positive
07/04/25,22:22,Wifey❤️,<Media omitted>,Neutral,Neutral
07/04/25,22:22,Wifey❤️,<Media omitted>,Neutral,Neutral
07/04/25,22:22,Wifey❤️,<Media omitted>,Neutral,Neutral
07/04/25,22:23,Wifey❤️,<Media omitted>,Neutral,Neutral
07/04/25,22:23,Wifey❤️,<Media omitted>,Neutral,Neutral
08/04/25,13:05,Wifey❤️,"Nishita upload this file in colab and create a new cell for confusion matrix, I need that graph so",Neutral,Neutral
08/04/25,13:05,Wifey❤️,<Media omitted>,Neutral,Neutral
08/04/25,13:06,Wifey❤️,like this for cnn we should need,Positive,Positive
08/04/25,17:17,Nishita 🪰,TOC exam is on 15th Tuesday,Neutral,Neutral
08/04/25,17:17,Nishita 🪰,11:10 to 1:00,Neutral,Neutral
08/04/25,17:17,Nishita 🪰,Check timetable,Neutral,Neutral
08/04/25,19:20,Wifey❤️,Shistry Ma'am is on leave soo u ppl just call and ask her about your marks,Negative,Negative
08/04/25,19:26,Nishita 🪰,Guna should we msg her better,Positive,Positive
08/04/25,19:27,Nishita 🪰,??,Neutral,Neutral
08/04/25,19:27,Wifey❤️,Haa maduu pa,Neutral,Neutral
08/04/25,19:29,Wifey❤️,🙄,Neutral,Neutral
08/04/25,19:31,Nishita 🪰,Number kalsu,Positive,Positive
08/04/25,19:31,Wifey❤️,ahh,Neutral,Neutral
08/04/25,19:31,Wifey❤️,+91 96930 36030,Neutral,Neutral
08/04/25,20:15,rohxn 03,Whats this??,Neutral,Neutral
08/04/25,20:15,Wifey❤️,maam's no,Negative,Negative
08/04/25,20:15,Wifey❤️,shistry kumari,Neutral,Negative
08/04/25,20:18,rohxn 03,Okkk,Neutral,Neutral
08/04/25,20:19,rohxn 03,Hey @918799146002 How many references should we add on report,Neutral,Neutral
08/04/25,20:20,rohxn 03,@919663957450 Collect referemces from google scholars,Neutral,Neutral
08/04/25,20:28,Wifey❤️,ok,Positive,Positive
08/04/25,20:30,Wifey❤️,https://www.mdpi.com/1088298,Neutral,Neutral
08/04/25,20:31,Wifey❤️,like this??,Positive,Positive
08/04/25,20:33,Wifey❤️,chuu,Neutral,Neutral
08/04/25,20:35,Wifey❤️,"S. B. Musa and H. Tjandrasa, ""Analisis fitur sinyal emosi eeg berdasarkan hybrid decompotion"", ENERGY, vol. 7, no. 1, pp. 7-12, 2017.",Positive,Positive
08/04/25,20:35,Wifey❤️,or like this,Positive,Positive
08/04/25,20:36,Wifey❤️,@916238330557 is this how I supposed to do ?,Neutral,Neutral
08/04/25,20:56,Wifey❤️,FER REFERENCE,Neutral,Neutral
08/04/25,20:56,Wifey❤️,FER using ViT,Neutral,Neutral
08/04/25,20:56,Wifey❤️,like this Ive done .....,Positive,Positive
08/04/25,20:57,rohxn 03,Https should be there,Neutral,Neutral
08/04/25,20:57,rohxn 03,Like 2 and 3,Positive,Positive
08/04/25,20:57,Wifey❤️,Doi alla?,Neutral,Neutral
08/04/25,20:57,rohxn 03,When we click it should directly go to the webpage,Neutral,Neutral
08/04/25,20:57,Wifey❤️,In ppt we can make it as link <This message was edited>,Neutral,Neutral
08/04/25,20:58,rohxn 03,If we copy the line and paste will it redirect to the corresponding research paper??,Neutral,Neutral
08/04/25,20:58,rohxn 03,Then ok,Positive,Positive
08/04/25,20:58,Nishita 🪰,No he didn't ,Negative,Neutral
08/04/25,20:59,rohxn 03,Fine we'll give 5 each,Positive,Positive
08/04/25,20:59,Wifey❤️,yes,Positive,Positive
08/04/25,20:59,rohxn 03,Fine,Positive,Positive
08/04/25,21:00,Wifey❤️,should i search,Neutral,Neutral
08/04/25,21:00,Wifey❤️,other,Neutral,Neutral
08/04/25,21:00,rohxn 03,No need this is fyn,Negative,Positive
08/04/25,21:00,Wifey❤️,can u just check,Neutral,Neutral
08/04/25,21:01,Wifey❤️,whether it is directly going ot that page,Neutral,Neutral
08/04/25,21:01,rohxn 03,<Media omitted>,Neutral,Neutral
08/04/25,21:03,Wifey❤️,<Media omitted>,Neutral,Neutral
08/04/25,21:03,Wifey❤️,if i copy paste that DOI link it is howing like this,Positive,Positive
08/04/25,21:04,rohxn 03,<Media omitted>,Neutral,Neutral
08/04/25,21:08,Wifey❤️,FER REFERENCES ,Neutral,Neutral
08/04/25,21:09,Wifey❤️,LIKE THIS RYT??,Positive,Positive
08/04/25,21:16,Wifey❤️,FER using ViT REFERENCES,Neutral,Neutral
08/04/25,21:17,Wifey❤️,everything is directly going to that page,Neutral,Neutral
08/04/25,21:25,rohxn 03,Fine,Positive,Positive
08/04/25,21:44,Wifey❤️,Ok,Positive,Positive
08/04/25,22:33,Nishita 🪰,@916238330557 come tmr at 10:30 to Soef block ground floor,Negative,Negative
08/04/25,22:37,rohxn 03,Reason?,Neutral,Neutral
08/04/25,22:37,Nishita 🪰,NOC,Neutral,Neutral
08/04/25,22:37,rohxn 03,She told??,Neutral,Neutral
08/04/25,22:37,Nishita 🪰,I called you for something else,Neutral,Neutral
08/04/25,22:37,Nishita 🪰,Guna told,Neutral,Neutral
08/04/25,22:37,rohxn 03,Call call,Neutral,Neutral
09/04/25,07:31,rohxn 03,@918799146002 today when ull be free after class hours?,Positive,Positive
09/04/25,10:16,Nishita 🪰,U know after lunch ,Neutral,Neutral
09/04/25,10:16,Nishita 🪰,Where are you ??,Neutral,Neutral
09/04/25,10:17,Wifey❤️,<Media omitted>,Neutral,Neutral
09/04/25,10:24,Nishita 🪰,Don't send voice message ,Neutral,Neutral
09/04/25,10:24,Wifey❤️,It's okay after your class listem,Positive,Positive
09/04/25,10:24,Wifey❤️,urgent illaaa,Positive,Positive
09/04/25,10:24,Nishita 🪰,Where are you now ??,Neutral,Neutral
09/04/25,10:25,Wifey❤️,Classroom,Neutral,Neutral
09/04/25,10:25,Nishita 🪰,Should we go to Shruti now ??,Neutral,Neutral
09/04/25,10:26,Wifey❤️,No,Negative,Positive
09/04/25,10:26,Nishita 🪰,Ok,Positive,Positive
09/04/25,10:59,Wifey❤️,Where r u both,Neutral,Neutral
09/04/25,10:59,Wifey❤️,Bannii ivagaaa,Neutral,Neutral
09/04/25,11:21,Nishita 🪰,This message was deleted,Neutral,Neutral
09/04/25,11:22,Nishita 🪰,This message was deleted,Neutral,Neutral
09/04/25,11:42,Nishita 🪰,<Media omitted>,Neutral,Neutral
09/04/25,13:54,rohxn 03,@918799146002 When ull come,Neutral,Neutral
09/04/25,13:54,rohxn 03,Mention the time,Neutral,Neutral
09/04/25,13:55,rohxn 03,Then we can go to eat,Neutral,Neutral
09/04/25,13:55,rohxn 03,We have to gaurd the epochs ryt😭,Negative,Neutral
09/04/25,14:09,Nishita 🪰,2:15 I leave,Negative,Negative
09/04/25,14:09,Nishita 🪰,In 5 mins I will come okk,Neutral,Neutral
09/04/25,15:42,Nishita 🪰,Where are you both ??,Neutral,Neutral
09/04/25,15:42,Nishita 🪰,Come fast,Neutral,Neutral
09/04/25,20:00,Nishita 🪰,Hey @919663957450 we have a lot of work to do but as we lost a lot of time we couldn't complete it.,Negative,Neutral
09/04/25,20:01,Wifey❤️,outside ahh,Neutral,Neutral
09/04/25,20:01,Wifey❤️,nale holidayyyyyyy,Neutral,Neutral
09/04/25,20:01,Nishita 🪰,Yess,Neutral,Neutral
09/04/25,20:02,rohxn 03,Oooooo yas yas,Neutral,Neutral
09/04/25,20:02,Wifey❤️,yen work ide,Neutral,Neutral
09/04/25,20:02,Wifey❤️,nanu maneli modoke agalvaa??,Neutral,Neutral
09/04/25,20:02,rohxn 03,Agallaaa,Neutral,Neutral
09/04/25,20:02,Nishita 🪰,Check what I sent to you first then do yessssss,Neutral,Neutral
09/04/25,20:02,rohxn 03,We need 2 laps,Neutral,Neutral
09/04/25,20:02,rohxn 03,That to charging pointu irbekku alvaa,Neutral,Neutral
09/04/25,20:03,Wifey❤️,ayyoo yen madly nanu then,Negative,Negative
09/04/25,20:03,rohxn 03,Haaa ok😒,Positive,Positive
09/04/25,20:03,rohxn 03,Run around ur home 3 times,Neutral,Neutral
09/04/25,20:03,Wifey❤️,allaa maneli I cant do ahh,Neutral,Neutral
09/04/25,20:03,rohxn 03,😒,Neutral,Neutral
09/04/25,20:03,rohxn 03,U can,Neutral,Neutral
09/04/25,20:03,rohxn 03,This one,Neutral,Neutral
09/04/25,20:03,rohxn 03,Baai ilvaa ath muchkondu baaa,Neutral,Negative
09/04/25,20:04,Wifey❤️,Ayyo howdaa,Neutral,Neutral
09/04/25,20:04,rohxn 03,Ayyuu howduuu😏,Neutral,Neutral
09/04/25,20:04,Nishita 🪰,Only work nothing else otherwise you both only go,Neutral,Neutral
09/04/25,20:04,Wifey❤️,Where to,Neutral,Neutral
09/04/25,20:04,rohxn 03,<Media omitted>,Neutral,Neutral
09/04/25,20:04,Nishita 🪰,That we will decide,Neutral,Neutral
09/04/25,20:04,rohxn 03,Rr mall??,Neutral,Neutral
09/04/25,20:05,Wifey❤️,Ooo,Neutral,Neutral
09/04/25,20:05,rohxn 03,ooO,Neutral,Neutral
09/04/25,20:05,Wifey❤️,🙄,Neutral,Neutral
09/04/25,20:06,Nishita 🪰,I will literally slap you 😤,Positive,Neutral
09/04/25,20:06,Wifey❤️,Time???,Neutral,Neutral
09/04/25,20:06,Nishita 🪰,Sir will only tell ??,Neutral,Neutral
09/04/25,20:07,rohxn 03,Belegeee 10 30 then only these shops will open ryt,Neutral,Neutral
09/04/25,20:07,rohxn 03,But even if we go to mall charging points irbekku alvaa,Neutral,Neutral
09/04/25,20:07,rohxn 03,Especially nishitas lap,Neutral,Positive
09/04/25,20:07,Wifey❤️,California burrito alli ide,Neutral,Neutral
09/04/25,20:07,Wifey❤️,Charging point,Neutral,Neutral
09/04/25,20:07,rohxn 03,But we cant spent a whole day in there,Neutral,Neutral
09/04/25,20:07,Wifey❤️,Under table only it is there,Neutral,Neutral
09/04/25,20:08,Wifey❤️,Adee.... Soo wt todo,Neutral,Negative
09/04/25,20:08,rohxn 03,Noon alli we ll go to eat ryt,Neutral,Neutral
09/04/25,20:08,rohxn 03,Before that nishitaaaa.....,Neutral,Neutral
09/04/25,20:08,Nishita 🪰,Then what you will go for shopping or what ??,Neutral,Neutral
09/04/25,20:08,rohxn 03,If ur lap is full charge how many hours we get,Neutral,Neutral
09/04/25,20:08,rohxn 03,Ayyoooo bvc r u planning to sit in CB for entire day,Neutral,Neutral
09/04/25,20:08,Nishita 🪰,Max to max 3 hrs,Neutral,Neutral
09/04/25,20:09,rohxn 03,U be a worker nishita,Neutral,Neutral
09/04/25,20:09,rohxn 03,Clean all the tavles while we charge🤨,Positive,Positive
09/04/25,20:09,rohxn 03,Shit!!,Negative,Negative
09/04/25,20:09,rohxn 03,Lulu???,Neutral,Neutral
09/04/25,20:09,rohxn 03,Charging ports idyaaa,Neutral,Neutral
09/04/25,20:09,Nishita 🪰,It will be very far da ??,Neutral,Neutral
09/04/25,20:10,Nishita 🪰,Should we search for some cyber cafe ??,Neutral,Neutral
09/04/25,20:10,rohxn 03,Should i bring my extention board,Neutral,Neutral
09/04/25,20:10,rohxn 03,I have one,Neutral,Neutral
09/04/25,20:10,rohxn 03,Cyberaaaa,Neutral,Neutral
09/04/25,20:10,rohxn 03,Why,Neutral,Neutral
09/04/25,20:11,Nishita 🪰,There we can sit for the whole day ??,Neutral,Neutral
09/04/25,20:11,rohxn 03,Really?,Neutral,Neutral
09/04/25,20:11,Nishita 🪰,I think so,Neutral,Neutral
09/04/25,20:11,rohxn 03,Where are they situated,Neutral,Neutral
09/04/25,20:11,Nishita 🪰,Idk we need to search,Negative,Neutral
09/04/25,20:11,rohxn 03,Allaaa here library open aagalvaa??,Neutral,Neutral
09/04/25,20:12,Nishita 🪰,Maybe it will be but you can only go I think so,Neutral,Neutral
09/04/25,20:12,Wifey❤️,nale if I come they will not allow me in,Negative,Neutral
09/04/25,20:13,rohxn 03,Who will not allow u where🤨,Negative,Neutral
09/04/25,20:13,Wifey❤️,college,Neutral,Neutral
09/04/25,20:13,Nishita 🪰,Security idoits,Positive,Positive
09/04/25,20:13,rohxn 03,College Bedaa then,Neutral,Neutral
09/04/25,20:13,Wifey❤️,ahhh,Neutral,Neutral
09/04/25,20:13,rohxn 03,But where can we sit and work,Neutral,Neutral
09/04/25,20:13,Wifey❤️,i really donno eeeeeeeee,Neutral,Positive
09/04/25,20:14,Nishita 🪰,Rohan u went to cb right ?? What time ??,Neutral,Neutral
09/04/25,20:14,rohxn 03,This time only,Neutral,Neutral
09/04/25,20:14,rohxn 03,We can go there,Neutral,Neutral
09/04/25,20:14,rohxn 03,But how can we sit there for hours without ordering anything,Neutral,Neutral
09/04/25,20:15,rohxn 03,@919663957450 Telk ur amma or appa naale some registration ide so u need 300,Neutral,Neutral
09/04/25,20:15,Wifey❤️,adhu nija,Neutral,Neutral
09/04/25,20:15,rohxn 03,We need to eat,Neutral,Neutral
09/04/25,20:15,Wifey❤️,ahh,Neutral,Neutral
09/04/25,20:15,Nishita 🪰,Ya that is for sure we need to,Positive,Neutral
09/04/25,20:16,rohxn 03,<Media omitted>,Neutral,Neutral
09/04/25,20:16,Wifey❤️,ahh i will ask,Neutral,Neutral
09/04/25,20:16,Wifey❤️,let me see,Neutral,Positive
09/04/25,20:17,Nishita 🪰,Okk,Neutral,Neutral
09/04/25,20:17,rohxn 03,See allaa do,Neutral,Neutral
09/04/25,20:17,Nishita 🪰,🤣🤣,Positive,Neutral
09/04/25,20:17,Wifey❤️,🙄🙄,Neutral,Neutral
09/04/25,20:22,rohxn 03,😁,Positive,Neutral
09/04/25,20:23,Wifey❤️,ookok,Neutral,Neutral
09/04/25,20:39,Nishita 🪰,@916238330557 is this correct ??,Neutral,Neutral
09/04/25,20:39,Nishita 🪰,<Media omitted>,Neutral,Neutral
09/04/25,21:26,rohxn 03,<Media omitted>,Neutral,Neutral
09/04/25,21:33,rohxn 03,@918799146002 create a gmeet for 10 30 if u both are free ok,Positive,Positive
09/04/25,21:33,rohxn 03,And @919663957450 U,Neutral,Neutral
09/04/25,21:36,Wifey❤️,10.30,Neutral,Neutral
09/04/25,21:36,Wifey❤️,Ah,Neutral,Neutral
09/04/25,21:36,Wifey❤️,This message was deleted,Neutral,Neutral
09/04/25,21:47,Wifey❤️,Send the ipynb file if u done !,Neutral,Neutral
09/04/25,22:08,rohxn 03,Maribeda ok,Positive,Positive
09/04/25,22:09,rohxn 03,Take ur time and do,Neutral,Neutral
09/04/25,22:13,Nishita 🪰,Hmm,Neutral,Neutral
09/04/25,22:13,Nishita 🪰,Now I am eating,Neutral,Neutral
09/04/25,22:14,Nishita 🪰,Can we do gmeet at 10:45 or people start at 10:30 I will join later ??,Positive,Positive
09/04/25,22:14,Nishita 🪰,https://meet.google.com/mod-wvym-hvg,Neutral,Neutral
09/04/25,22:14,rohxn 03,No u come when u done,Negative,Negative
09/04/25,22:14,rohxn 03,And u too @919663957450,Neutral,Neutral
09/04/25,22:15,Nishita 🪰,Okk,Neutral,Neutral
09/04/25,22:15,rohxn 03,But don't be too late,Neutral,Neutral
09/04/25,22:15,rohxn 03,Thats it,Neutral,Neutral
09/04/25,22:15,Wifey❤️,U ppl joined,Neutral,Neutral
09/04/25,22:46,Wifey❤️,@918799146002  aythaa??? <This message was edited>,Neutral,Neutral
09/04/25,22:46,Wifey❤️,swalpa bega baa,Neutral,Neutral
09/04/25,22:46,Wifey❤️,if everyone sleep I cant talk,Neutral,Neutral
09/04/25,22:49,rohxn 03,When will everyone sleeps??,Neutral,Neutral
09/04/25,22:49,Wifey❤️,they will sleep now,Neutral,Neutral
09/04/25,22:49,Wifey❤️,11 aythu alvaa,Neutral,Neutral
09/04/25,22:49,Wifey❤️,i mean almost,Neutral,Neutral
09/04/25,22:55,rohxn 03,@918799146002,Neutral,Neutral
09/04/25,22:55,rohxn 03,Naale morning meeting is there ok,Positive,Positive
09/04/25,22:55,rohxn 03,Pls dont miss,Positive,Positive
09/04/25,22:55,rohxn 03,Its really urgent,Positive,Positive
09/04/25,22:55,rohxn 03,By 7 yellaru join aagbekku,Positive,Positive
09/04/25,22:55,rohxn 03,Its really important,Positive,Positive
09/04/25,22:56,rohxn 03,@918799146002  and @919663957450  u ppl have join without fail,Positive,Positive
09/04/25,22:56,Wifey❤️,ok,Positive,Positive
09/04/25,22:56,Nishita 🪰,I came is it possible now,Neutral,Neutral
09/04/25,22:56,rohxn 03,Ammuu??,Neutral,Neutral
09/04/25,22:56,rohxn 03,Is it,Neutral,Neutral
09/04/25,22:56,Wifey❤️,hmmok,Neutral,Neutral
09/04/25,22:57,rohxn 03,I came,Neutral,Neutral
09/04/25,22:58,rohxn 03,We cant hear,Neutral,Neutral
09/04/25,22:58,rohxn 03,A single thing ammu,Neutral,Neutral
09/04/25,23:21,Wifey❤️,Haa,Neutral,Neutral
09/04/25,23:21,Wifey❤️,Assign madi task,Neutral,Neutral
09/04/25,23:21,rohxn 03,Wait,Neutral,Neutral
09/04/25,23:21,Wifey❤️,Let me go sleep😁,Positive,Positive
09/04/25,23:26,Nishita 🪰,<Media omitted>,Neutral,Neutral
09/04/25,23:29,rohxn 03,@919663957450 Tasks,Neutral,Neutral
09/04/25,23:32,Wifey❤️,Okayy,Neutral,Neutral
09/04/25,23:33,rohxn 03,@918799146002 Tasks,Neutral,Neutral
09/04/25,23:35,rohxn 03,@919663957450 Task 4 and @918799146002 Task 3 ,Neutral,Neutral
10/04/25,09:44,rohxn 03,<Media omitted>,Neutral,Neutral
10/04/25,09:44,rohxn 03,Sunil sir,Neutral,Neutral
10/04/25,10:02,Wifey❤️,@918799146002 When ur planning to leave,Negative,Positive
10/04/25,10:29,Nishita 🪰,I will leave pg by 10:45,Negative,Negative
10/04/25,10:30,Nishita 🪰,@916238330557 bring my parcel with you don't forget,Positive,Neutral
10/04/25,10:35,rohxn 03,No i wont,Negative,Negative
10/04/25,10:35,rohxn 03,Leave at 11,Negative,Negative
10/04/25,10:35,rohxn 03,I want to bath,Positive,Positive
10/04/25,10:36,Nishita 🪰,Y 😡,Neutral,Neutral
10/04/25,10:36,Nishita 🪰,Ok but it will take me time to reach the metro station ok,Positive,Positive
10/04/25,10:49,rohxn 03,Leave leave leave,Negative,Negative
10/04/25,10:49,rohxn 03,Im all ready,Positive,Neutral
10/04/25,10:49,Wifey❤️,Im leaving noe,Neutral,Neutral
10/04/25,10:49,Wifey❤️,Now,Neutral,Neutral
10/04/25,10:49,Wifey❤️,Appa will drop me till college,Negative,Neutral
10/04/25,10:50,Wifey❤️,@918799146002  be in front of college okay appa will be there he have to believe college is there antha sooo,Positive,Positive
10/04/25,10:50,rohxn 03,Then leave after 10 min ammu,Negative,Negative
10/04/25,10:50,rohxn 03,She have to be in main gate,Neutral,Neutral
10/04/25,10:51,rohxn 03,Appa make make u reacg within few minutes,Neutral,Neutral
10/04/25,10:51,Wifey❤️,It's okay by the time I reach she will be there,Positive,Positive
10/04/25,10:53,Nishita 🪰,I am leaving,Neutral,Neutral
10/04/25,10:59,Nishita 🪰,This message was deleted,Neutral,Neutral
10/04/25,11:02,Nishita 🪰,I reached where are you both ??,Positive,Neutral
10/04/25,11:07,rohxn 03,Main gate,Neutral,Neutral
10/04/25,11:42,Wifey❤️,https://www.youtube.com/watch?v=rJqP5EesxLk&list=PLGUw8UNswJEOv8c5ZcoHarbON6mIEUFBC,Neutral,Neutral
10/04/25,12:13,Wifey❤️,<Media omitted>,Neutral,Neutral
10/04/25,13:13,Nishita 🪰,This message was deleted,Neutral,Neutral
10/04/25,13:24,Nishita 🪰,"# Input data files are available in the ""../input/"" directory.",Neutral,Neutral
10/04/25,13:30,Nishita 🪰,<Media omitted>,Neutral,Neutral
10/04/25,13:38,Wifey❤️,<Media omitted>,Neutral,Neutral
10/04/25,13:39,Nishita 🪰,<Media omitted>,Neutral,Neutral
10/04/25,13:44,rohxn 03,Now combine both in a single image,Neutral,Neutral
10/04/25,13:47,Nishita 🪰,<Media omitted>,Neutral,Neutral
10/04/25,13:49,rohxn 03,What graph is prefereble?,Neutral,Neutral
10/04/25,13:49,Nishita 🪰,Line plot what you say ??,Neutral,Neutral
10/04/25,13:56,Wifey❤️,<Media omitted>,Neutral,Neutral
10/04/25,14:02,Wifey❤️,<Media omitted>,Neutral,Neutral
10/04/25,14:02,Wifey❤️,<Media omitted>,Neutral,Neutral
10/04/25,14:22,rohxn 03,<Media omitted>,Neutral,Neutral
10/04/25,14:23,Nishita 🪰,I have seen this 🤣🤣,Positive,Neutral
10/04/25,15:18,Wifey❤️,10.1109/TAFFC.2022.3226473,Neutral,Neutral
10/04/25,16:01,Nishita 🪰,import numpy as np,Positive,Positive
10/04/25,16:21,Nishita 🪰,import torch,Neutral,Neutral
10/04/25,16:55,Wifey❤️,<Media omitted>,Neutral,Neutral
10/04/25,16:56,rohxn 03,Guys finally we sexessfully finished our ml algorithm project,Neutral,Neutral
10/04/25,16:57,rohxn 03,@916364562073 here everything is there ,Neutral,Neutral
10/04/25,17:06,Gass,Ok,Positive,Positive
10/04/25,21:34,rohxn 03,@919663957450 I might need ur lap tomorrow,Neutral,Neutral
10/04/25,21:35,rohxn 03,Either talk to appa and stay with me till 8 or 9,Neutral,Neutral
10/04/25,21:40,Wifey❤️,8 or 9,Neutral,Neutral
10/04/25,21:40,Wifey❤️,Ahh,Neutral,Neutral
10/04/25,21:44,rohxn 03,1. Give the lap and leave at 5,Negative,Negative
10/04/25,22:16,Nishita 🪰,For what you need ??,Neutral,Neutral
10/04/25,22:26,rohxn 03,Gaming and nlp,Neutral,Neutral
10/04/25,22:26,Nishita 🪰,R u free ??,Positive,Positive
10/04/25,22:27,rohxn 03,Yasss,Neutral,Neutral
11/04/25,20:52,Nishita 🪰,@916238330557 and @919663957450 tmr my elective class is till 12 okk,Neutral,Neutral
11/04/25,20:52,Wifey❤️,ha okay pa,Positive,Positive
11/04/25,20:56,rohxn 03,We will leave at 1 15,Negative,Negative
11/04/25,20:57,Wifey❤️,okkkkkkkkkk,Neutral,Neutral
11/04/25,20:57,Nishita 🪰,Okkk,Neutral,Neutral
11/04/25,20:57,Nishita 🪰,@916238330557 Vidith is saying he can't add us to grp,Neutral,Neutral
11/04/25,20:57,Nishita 🪰,So @919663957450 ask Sir for the grp link,Neutral,Neutral
11/04/25,20:57,rohxn 03,Ok,Positive,Positive
12/04/25,08:04,rohxn 03,@918799146002 Dont forget gum and ur laptop,Positive,Positive
12/04/25,08:40,Nishita 🪰,Ok,Positive,Positive
12/04/25,09:26,Wifey❤️,@918799146002 where are you,Neutral,Neutral
12/04/25,10:14,Nishita 🪰,I came now to clg,Neutral,Neutral
12/04/25,10:14,Nishita 🪰,Where are you ??,Neutral,Neutral
12/04/25,10:14,Nishita 🪰,I am going class,Neutral,Neutral
12/04/25,10:22,Wifey❤️,"Yes, for this lab I have only made a single report",Positive,Positive
12/04/25,10:22,Wifey❤️,Yes I have mentioned all the topics in a single report,Positive,Positive
12/04/25,10:22,Wifey❤️,Thera is only two main topic shap and lime,Neutral,Neutral
12/04/25,10:22,Wifey❤️,ohh okay okay only this much is enough ryt,Positive,Positive
12/04/25,10:22,Wifey❤️,Yes,Positive,Positive
12/04/25,10:22,Wifey❤️,there is no need to do 6 records and all,Negative,Positive
12/04/25,10:22,Wifey❤️,I don't think so,Neutral,Neutral
12/04/25,10:22,Wifey❤️,<Media omitted>,Neutral,Neutral
12/04/25,10:23,Wifey❤️,i asked Yashwant like for the lab 9 should we prepare  lab records for each file and he sent this,Positive,Positive
12/04/25,10:23,Wifey❤️,soo can i also do this,Neutral,Neutral
12/04/25,10:24,Wifey❤️,or i should make lab records for each file,Neutral,Neutral
12/04/25,10:25,Nishita 🪰,As you think but it mentions only about 2 things only not the other activities,Neutral,Neutral
12/04/25,10:26,Nishita 🪰,We have done for text and something else also,Neutral,Neutral
12/04/25,10:26,Wifey❤️,how u did records for each file u done??,Neutral,Neutral
12/04/25,10:26,Nishita 🪰,Not yet still doing ,Neutral,Neutral
12/04/25,10:26,Nishita 🪰,Where are you??,Neutral,Neutral
12/04/25,10:26,Wifey❤️,lh4,Neutral,Neutral
12/04/25,10:27,Wifey❤️,sorry LH3,Negative,Negative
12/04/25,10:27,Nishita 🪰,U need laptop ??,Neutral,Neutral
12/04/25,10:27,Wifey❤️,illaa im doing but im confused how to do the record antahaa,Negative,Negative
12/04/25,10:28,Nishita 🪰,Like how we did for lab 4,Positive,Neutral
12/04/25,10:29,Wifey❤️,ahh like part a .b. c d like taht till 6 files ryt,Positive,Positive
12/04/25,10:32,Nishita 🪰,Yess,Neutral,Neutral
12/04/25,10:32,Nishita 🪰,When will you the game ??,Neutral,Neutral
12/04/25,10:38,rohxn 03,When im in the game😏,Neutral,Neutral
12/04/25,10:39,Nishita 🪰,Ayoo karma ve,Neutral,Positive
12/04/25,10:39,Nishita 🪰,I am asking when will you do antha ?,Neutral,Neutral
12/04/25,11:45,rohxn 03,Lets seeeeee,Neutral,Neutral
12/04/25,20:21,Wifey❤️,null,Neutral,Neutral
12/04/25,20:21,Wifey❤️,<Media omitted>,Neutral,Neutral
12/04/25,20:21,Wifey❤️,<Media omitted>,Neutral,Neutral
12/04/25,20:21,Wifey❤️,<Media omitted>,Neutral,Neutral
12/04/25,20:21,Wifey❤️,<Media omitted>,Neutral,Neutral
12/04/25,20:21,Wifey❤️,<Media omitted>,Neutral,Neutral
12/04/25,20:21,Wifey❤️,<Media omitted>,Neutral,Neutral
12/04/25,20:21,Wifey❤️,<Media omitted>,Neutral,Neutral
12/04/25,20:21,Wifey❤️,<Media omitted>,Neutral,Neutral
12/04/25,20:21,Wifey❤️,<Media omitted>,Neutral,Neutral
12/04/25,20:21,Wifey❤️,<Media omitted>,Neutral,Neutral
12/04/25,20:21,Wifey❤️,<Media omitted>,Neutral,Neutral
12/04/25,20:21,Wifey❤️,<Media omitted>,Neutral,Neutral
12/04/25,20:21,Wifey❤️,<Media omitted>,Neutral,Neutral
12/04/25,20:21,Wifey❤️,<Media omitted>,Neutral,Neutral
12/04/25,20:21,Wifey❤️,<Media omitted>,Neutral,Neutral
12/04/25,20:21,Wifey❤️,<Media omitted>,Neutral,Neutral
12/04/25,20:29,rohxn 03,"Minors work thumba ide, im thinking how can i come naale😭",Negative,Negative
12/04/25,20:29,Wifey❤️,It's okay,Positive,Positive
12/04/25,20:29,Wifey❤️,We will finish this soon,Neutral,Neutral
12/04/25,20:46,rohxn 03,Whennnnnnn😭😭,Negative,Neutral
12/04/25,21:54,Wifey❤️,Hey,Neutral,Neutral
12/04/25,21:54,Wifey❤️,Tomorrow at what time we have to be there???,Neutral,Neutral
12/04/25,21:55,Wifey❤️,Just txt I'm going to sleep now🙂,Positive,Neutral
13/04/25,10:15,rohxn 03,ML Algorithm tasks:,Neutral,Neutral
13/04/25,10:15,rohxn 03,"I hope I've included everything, if not pls do let me know",Positive,Positive
13/04/25,10:18,Nishita 🪰,For plagiarism we need to check with small se tools ?? Or any other ??,Neutral,Neutral
13/04/25,10:19,rohxn 03,Small se tool u try,Neutral,Neutral
13/04/25,10:19,rohxn 03,Small se helps to find from internet,Positive,Neutral
13/04/25,10:19,rohxn 03,We will try,Neutral,Neutral
13/04/25,10:20,Nishita 🪰,Then for the constitution we used that one ??,Neutral,Neutral
13/04/25,10:20,rohxn 03,@919663957450 Put our research paper in both small se tool and zero gpt and take a ss analytics and sent in grp,Neutral,Neutral
13/04/25,10:20,rohxn 03,Yeah,Positive,Positive
13/04/25,11:54,Wifey❤️,"lab record till 8 everything finished ,,  lab 9 and 10 is left that's it",Neutral,Neutral
13/04/25,11:55,Wifey❤️,code file I will send u,Neutral,Neutral
13/04/25,11:55,Wifey❤️,9 and 10,Neutral,Neutral
